station,time,temp_c,dewp_c,rh_pct,wind_dir,wind_kt,gust_kt,visibility_km,pressure_hpa,weather,raw
VOMD,2026-10-09T02:30:00Z,30.0,26.0,79.2,40,4.0,,3.11,1014.0,BR,METAR VOMD 090230Z 04004KT 5000 BR FEW020 FEW025TCU 30/26 Q1014 NOSIG
VOMM,2026-10-09T02:30:00Z,29.0,27.0,89.0,310,4.0,,1.86,1013.0,BR,METAR VOMM 090230Z 31004KT 3000 BR FEW020 SCT100 29/27 Q1013 BECMG 5000 BR
VOTK,2026-10-09T02:30:00Z,28.0,24.0,78.9,340,3.0,,3.11,1014.0,BR,METAR VOTK 090230Z 34003KT 5000 BR SCT018 FEW025TCU SCT100 28/24 Q1014 NOSIG
VOCB,2026-10-09T03:00:00Z,28.0,23.0,74.3,80,4.0,,3.11,1017.0,HZ,METAR VOCB 090300Z 08004KT 5000 HZ SCT012 SCT080 28/23 Q1017 NOSIG
VOMD,2026-10-09T03:00:00Z,30.0,26.0,79.2,70,5.0,,3.11,1014.0,BR,METAR VOMD 090300Z 07005KT 5000 BR SCT020 SCT025 30/26 Q1014 NOSIG
VOMM,2026-10-09T03:00:00Z,30.0,27.0,84.0,VRB,2.0,,3.11,1014.0,BR,METAR VOMM 090300Z VRB02KT 5000 BR FEW020 SCT100 30/27 Q1014 NOSIG
VOPC,2026-10-09T03:00:00Z,31.0,25.0,70.5,110,5.0,,3.73,1013.0,,METAR VOPC 090300Z 11005KT 6000 SCT020 31/25 Q1013 NOSIG
VOSM,2026-10-09T03:00:00Z,28.0,22.0,69.9,VRB,2.0,,3.11,1015.0,HZ,METAR VOSM 090300Z VRB02KT 5000 HZ FEW020 SCT080 28/22 Q1015 NOSIG
VOTK,2026-10-09T03:00:00Z,29.0,23.0,70.1,340,3.0,,3.11,1014.0,HZ,METAR VOTK 090300Z COR 34003KT 5000 HZ SCT018 FEW025TCU SCT100 29/23 Q1014 NOSIG
VOTR,2026-10-09T03:00:00Z,31.0,28.0,84.1,VRB,2.0,,3.11,1014.0,BR,METAR VOTR 090300Z VRB02KT 5000 BR FEW020 SCT025 31/28 Q1014 NOSIG
VOCB,2026-10-09T03:30:00Z,29.0,23.0,70.1,80,4.0,,3.11,1017.0,HZ,METAR VOCB 090330Z 08004KT 5000 HZ SCT012 FEW020TCU SCT080 29/23 Q1017 NOSIG
VOMD,2026-10-09T03:30:00Z,31.0,25.0,70.5,80,5.0,,3.73,1014.0,,METAR VOMD 090330Z 08005KT 6000 SCT020 SCT025 31/25 Q1014 NOSIG
VOMM,2026-10-09T03:30:00Z,31.0,27.0,79.3,VRB,3.0,,3.11,1014.0,BR,METAR VOMM 090330Z VRB03KT 5000 BR SCT020 SCT100 31/27 Q1014 NOSIG
VOTR,2026-10-09T03:30:00Z,32.0,28.0,79.5,70,4.0,,3.11,1014.0,BR,METAR VOTR 090330Z 07004KT 5000 BR FEW020 SCT025 32/28 Q1014 NOSIG
VOCB,2026-10-09T04:00:00Z,29.0,23.0,70.1,40,5.0,,3.11,1017.0,HZ,METAR VOCB 090400Z 04005KT 5000 HZ SCT012 FEW020TCU SCT080 29/23 Q1017 NOSIG
VOMD,2026-10-09T04:00:00Z,32.0,24.0,62.7,VRB,3.0,,3.73,1014.0,,METAR VOMD 090400Z VRB03KT 6000 SCT020 SCT025 32/24 Q1014 NOSIG
VOMM,2026-10-09T04:00:00Z,32.0,28.0,79.5,VRB,3.0,,3.11,1014.0,BR,METAR VOMM 090400Z VRB03KT 5000 BR SCT020 SCT100 32/28 Q1014 NOSIG
VOPC,2026-10-09T04:00:00Z,33.0,24.0,59.3,140,5.0,,3.73,1014.0,,METAR VOPC 090400Z 14005KT 6000 SCT018 33/24 Q1014 NOSIG
VOSM,2026-10-09T04:00:00Z,30.0,22.0,62.3,VRB,2.0,,3.11,1016.0,HZ,METAR VOSM 090400Z VRB02KT 5000 HZ SCT020 30/22 Q1016 NOSIG
VOTK,2026-10-09T04:00:00Z,30.0,23.0,66.2,330,3.0,,3.11,1015.0,HZ,METAR VOTK 090400Z 33003KT 5000 HZ SCT018 FEW025TCU SCT100 30/23 Q1015 NOSIG
VOTR,2026-10-09T04:00:00Z,33.0,27.0,70.8,90,4.0,,3.73,1014.0,,METAR VOTR 090400Z 09004KT 6000 FEW020 SCT100 33/27 Q1014 NOSIG
VOCB,2026-10-09T04:30:00Z,30.0,22.0,62.3,50,5.0,,3.11,1017.0,HZ,METAR VOCB 090430Z 05005KT 5000 HZ SCT012 SCT080 30/22 Q1017 NOSIG
VOMD,2026-10-09T04:30:00Z,32.0,25.0,66.6,110,6.0,,3.73,1015.0,,METAR VOMD 090430Z 11006KT 6000 SCT020 SCT025 32/25 Q1015 NOSIG
VOMM,2026-10-09T04:30:00Z,33.0,27.0,70.8,130,4.0,,3.73,1014.0,,METAR VOMM 090430Z 13004KT 6000 SCT020 SCT100 33/27 Q1014 NOSIG
VOTR,2026-10-09T04:30:00Z,33.0,27.0,70.8,60,3.0,,3.73,1014.0,,METAR VOTR 090430Z 06003KT 6000 FEW020 SCT025 33/27 Q1014 NOSIG
VOCB,2026-10-09T05:00:00Z,31.0,23.0,62.5,80,5.0,,3.73,1017.0,,METAR VOCB 090500Z 08005KT 6000 SCT012 SCT080 31/23 Q1017 NOSIG
VOMD,2026-10-09T05:00:00Z,32.0,24.0,62.7,VRB,3.0,,3.73,1014.0,,METAR VOMD 090500Z VRB03KT 6000 SCT020 SCT025 32/24 Q1014 NOSIG
VOMM,2026-10-09T05:00:00Z,34.0,27.0,67.0,90,4.0,,3.73,1013.0,,METAR VOMM 090500Z 09004KT 6000 SCT020 SCT100 34/27 Q1013 NOSIG
VOPC,2026-10-09T05:00:00Z,35.0,23.0,49.9,90,8.0,,3.73,1014.0,,METAR VOPC 090500Z 09008KT 6000 SCT018 FEW025TCU 35/23 Q1014 NOSIG
VOSM,2026-10-09T05:00:00Z,31.0,20.0,52.0,VRB,2.0,,3.11,1015.0,HZ,METAR VOSM 090500Z VRB02KT 5000 HZ SCT020 31/20 Q1015 NOSIG
VOTK,2026-10-09T05:00:00Z,31.0,23.0,62.5,VRB,1.0,,3.11,1015.0,HZ,METAR VOTK 090500Z VRB01KT 5000 HZ SCT018 SCT100 31/23 Q1015 NOSIG
VOTR,2026-10-09T05:00:00Z,34.0,27.0,67.0,90,5.0,,3.73,1014.0,,METAR VOTR 090500Z 09005KT 6000 SCT020 BKN025 34/27 Q1014 NOSIG
VOCB,2026-10-09T05:30:00Z,30.0,22.0,62.3,20,6.0,,3.73,1016.0,,METAR VOCB 090530Z 02006KT 6000 SCT012 SCT080 30/22 Q1016 NOSIG
VOMD,2026-10-09T05:30:00Z,32.0,24.0,62.7,70,6.0,,3.73,1014.0,,METAR VOMD 090530Z 07006KT 6000 SCT020 SCT025 32/24 Q1014 NOSIG
VOMM,2026-10-09T05:30:00Z,34.0,27.0,67.0,120,5.0,,3.73,1013.0,,METAR VOMM 090530Z 12005KT 6000 SCT020 SCT100 34/27 Q1013 NOSIG
VOTK,2026-10-09T05:30:00Z,31.0,23.0,62.5,180,3.0,,3.11,1014.0,HZ,METAR VOTK 090530Z 18003KT 5000 HZ SCT018 SCT100 31/23 Q1014 NOSIG
VOTR,2026-10-09T05:30:00Z,33.0,26.0,66.8,40,3.0,,3.73,1013.0,,METAR VOTR 090530Z 04003KT 6000 FEW020 SCT025 33/26 Q1013 NOSIG
VOCB,2026-10-09T06:00:00Z,32.0,22.0,55.6,20,4.0,,3.73,1016.0,,METAR VOCB 090600Z 02004KT 6000 SCT012 SCT080 32/22 Q1016 NOSIG
VOMD,2026-10-09T06:00:00Z,34.0,24.0,56.0,30,5.0,,3.73,1013.0,,METAR VOMD 090600Z 03005KT 6000 SCT020 SCT025 34/24 Q1013 NOSIG
VOMM,2026-10-09T06:00:00Z,34.0,27.0,67.0,110,6.0,,3.73,1012.0,,METAR VOMM 090600Z 11006KT 6000 FEW020 SCT100 34/27 Q1012 NOSIG
VOPC,2026-10-09T06:00:00Z,35.0,24.0,53.0,110,7.0,,3.73,1013.0,,METAR VOPC 090600Z 11007KT 6000 SCT018 FEW025TCU 35/24 Q1013 NOSIG
VOSM,2026-10-09T06:00:00Z,32.0,20.0,49.1,VRB,2.0,,3.73,1014.0,,METAR VOSM 090600Z VRB02KT 6000 SCT020 32/20 Q1014 NOSIG
VOTK,2026-10-09T06:00:00Z,32.0,23.0,59.0,150,2.0,,3.11,1014.0,HZ,METAR VOTK 090600Z 15002KT 5000 HZ SCT018 SCT100 32/23 Q1014 NOSIG
VOTR,2026-10-09T06:00:00Z,35.0,26.0,59.7,80,3.0,,3.73,1013.0,,METAR VOTR 090600Z 08003KT 6000 FEW020 SCT025 35/26 Q1013 NOSIG
VOCB,2026-10-09T06:30:00Z,31.0,21.0,55.3,VRB,3.0,,3.73,1015.0,,METAR VOCB 090630Z VRB03KT 6000 SCT012 SCT080 31/21 Q1015 NOSIG
VOMD,2026-10-09T06:30:00Z,33.0,24.0,59.3,VRB,3.0,,3.73,1012.0,,METAR VOMD 090630Z VRB03KT 6000 SCT020 SCT025 33/24 Q1012 NOSIG
VOMM,2026-10-09T06:30:00Z,34.0,27.0,67.0,130,8.0,,3.73,1012.0,,METAR VOMM 090630Z 13008KT 6000 FEW020 SCT100 34/27 Q1012 NOSIG
VOPC,2026-10-09T06:30:00Z,36.0,23.0,47.2,100,9.0,,3.73,1012.0,,METAR VOPC 090630Z 10009KT 6000 SCT018 FEW025TCU 36/23 Q1012 NOSIG
VOSM,2026-10-09T06:30:00Z,32.0,20.0,49.1,VRB,2.0,,3.73,1013.0,,METAR VOSM 090630Z VRB02KT 6000 SCT020 32/20 Q1013 NOSIG
VOTK,2026-10-09T06:30:00Z,32.0,23.0,59.0,100,2.0,,3.11,1013.0,HZ,METAR VOTK 090630Z 10002KT 5000 HZ SCT018 SCT100 32/23 Q1013 NOSIG
VOTR,2026-10-09T06:30:00Z,36.0,27.0,60.0,VRB,1.0,,3.73,1012.0,,METAR VOTR 090630Z VRB01KT 6000 FEW020 SCT025 36/27 Q1012 NOSIG
VOCB,2026-10-09T07:00:00Z,33.0,21.0,49.4,100,5.0,,4.35,1014.0,,METAR VOCB 090700Z 10005KT 7000 SCT012 33/21 Q1014 NOSIG
VOMD,2026-10-09T07:00:00Z,34.0,24.0,56.0,20,7.0,,3.73,1011.0,,METAR VOMD 090700Z 02007KT 6000 SCT020 FEW025TCU 34/24 Q1011 NOSIG
VOMM,2026-10-09T07:00:00Z,34.0,26.0,63.1,120,8.0,,3.73,1011.0,,METAR VOMM 090700Z 12008KT 6000 FEW020 34/26 Q1011 NOSIG
VOPC,2026-10-09T07:00:00Z,35.0,24.0,53.0,110,8.0,,3.73,1011.0,,METAR VOPC 090700Z 11008KT 6000 SCT018 35/24 Q1011 NOSIG
VOSM,2026-10-09T07:00:00Z,33.0,19.0,43.6,20,4.0,,3.73,1012.0,,METAR VOSM 090700Z 02004KT 6000 SCT020 33/19 Q1012 NOSIG
VOTK,2026-10-09T07:00:00Z,32.0,23.0,59.0,150,4.0,,3.11,1012.0,HZ,METAR VOTK 090700Z 15004KT 5000 HZ SCT018 SCT100 32/23 Q1012 NOSIG
VOTR,2026-10-09T07:00:00Z,35.0,26.0,59.7,VRB,2.0,,3.73,1011.0,,METAR VOTR 090700Z VRB02KT 6000 FEW020 BKN025 35/26 Q1011 NOSIG
VOCB,2026-10-09T07:30:00Z,34.0,21.0,46.7,100,5.0,,4.35,1014.0,,METAR VOCB 090730Z 10005KT 7000 SCT012 34/21 Q1014 NOSIG
VOMD,2026-10-09T07:30:00Z,35.0,23.0,49.9,10,6.0,,3.73,1011.0,,METAR VOMD 090730Z 01006KT 6000 SCT020 FEW025TCU 35/23 Q1011 NOSIG
VOMM,2026-10-09T07:30:00Z,34.0,27.0,67.0,120,9.0,,3.73,1011.0,,METAR VOMM 090730Z 12009KT 6000 FEW020 34/27 Q1011 NOSIG
VOPC,2026-10-09T07:30:00Z,35.0,24.0,53.0,100,8.0,,3.73,1011.0,,METAR VOPC 090730Z 10008KT 6000 SCT018 FEW025TCU 35/24 Q1011 NOSIG
VOSM,2026-10-09T07:30:00Z,34.0,19.0,41.3,VRB,2.0,,4.35,1012.0,,METAR VOSM 090730Z VRB02KT 7000 SCT020 34/19 Q1012 NOSIG
VOTK,2026-10-09T07:30:00Z,33.0,22.0,52.5,160,3.0,,3.11,1011.0,HZ,METAR VOTK 090730Z 16003KT 5000 HZ SCT018 SCT100 33/22 Q1011 NOSIG
VOTR,2026-10-09T07:30:00Z,35.0,26.0,59.7,150,6.0,,3.73,1010.0,,METAR VOTR 090730Z 15006KT 6000 FEW020 FEW025TCU SCT100 35/26 Q1010 NOSIG
VOCB,2026-10-09T08:00:00Z,35.0,20.0,41.5,90,10.0,,4.35,1013.0,,METAR VOCB 090800Z 09010KT 7000 SCT012 35/20 Q1013 NOSIG
VOMD,2026-10-09T08:00:00Z,35.0,23.0,49.9,30,7.0,,3.73,1010.0,,METAR VOMD 090800Z 03007KT 6000 SCT020 FEW025CB 35/23 Q1010 NOSIG
VOMM,2026-10-09T08:00:00Z,34.0,27.0,67.0,130,10.0,,3.73,1010.0,,METAR VOMM 090800Z 13010KT 6000 FEW020 FEW025TCU 34/27 Q1010 NOSIG
VOPC,2026-10-09T08:00:00Z,35.0,24.0,53.0,90,11.0,,3.73,1010.0,,METAR VOPC 090800Z 09011KT 6000 SCT018 FEW025CB 35/24 Q1010 NOSIG
VOSM,2026-10-09T08:00:00Z,34.0,19.0,41.3,210,3.0,,4.35,1011.0,,METAR VOSM 090800Z 21003KT 7000 SCT020 34/19 Q1011 NOSIG
VOTK,2026-10-09T08:00:00Z,33.0,22.0,52.5,90,3.0,,3.11,1011.0,HZ,METAR VOTK 090800Z 09003KT 5000 HZ SCT018 SCT100 33/22 Q1011 NOSIG
VOTR,2026-10-09T08:00:00Z,35.0,26.0,59.7,140,4.0,,3.73,1010.0,,METAR VOTR 090800Z 14004KT 6000 FEW020 FEW025TCU BKN100 35/26 Q1010 NOSIG
VOCB,2026-10-09T08:30:00Z,35.0,19.0,39.0,90,12.0,,3.73,1012.0,,METAR VOCB 090830Z 09012KT 6000 SCT012 FEW020TCU 35/19 Q1012 NOSIG
VOMD,2026-10-09T08:30:00Z,34.0,24.0,56.0,120,12.0,,3.73,1009.0,,METAR VOMD 090830Z 12012KT 6000 SCT020 FEW025CB 34/24 Q1009 NOSIG
VOMM,2026-10-09T08:30:00Z,34.0,27.0,67.0,110,10.0,,3.73,1009.0,,METAR VOMM 090830Z 11010KT 6000 FEW020 FEW025TCU 34/27 Q1009 NOSIG
VOPC,2026-10-09T08:30:00Z,35.0,24.0,53.0,110,10.0,,3.73,1010.0,,METAR VOPC 090830Z 11010KT 6000 SCT018 FEW025CB 35/24 Q1010 NOSIG
VOSM,2026-10-09T08:30:00Z,34.0,19.0,41.3,140,3.0,,4.35,1010.0,,METAR VOSM 090830Z 14003KT 7000 SCT020 34/19 Q1010 NOSIG
VOTK,2026-10-09T08:30:00Z,32.0,23.0,59.0,100,3.0,,3.11,1010.0,HZ,METAR VOTK 090830Z 10003KT 5000 HZ SCT018 32/23 Q1010 NOSIG
VOTR,2026-10-09T08:30:00Z,35.0,27.0,63.4,160,4.0,,3.73,1009.0,,METAR VOTR 090830Z 16004KT 6000 FEW020 FEW025TCU BKN100 35/27 Q1009 NOSIG
VOCB,2026-10-09T09:00:00Z,35.0,17.0,34.4,50,12.0,,3.73,1011.0,,METAR VOCB 090900Z 05012KT 6000 SCT012 FEW020TCU 35/17 Q1011 NOSIG
VOMD,2026-10-09T09:00:00Z,33.0,24.0,59.3,120,12.0,,3.73,1009.0,,METAR VOMD 090900Z 12012KT 6000 SCT020 33/24 Q1009 NOSIG
VOMM,2026-10-09T09:00:00Z,34.0,27.0,67.0,110,10.0,,3.73,1009.0,,METAR VOMM 090900Z 11010KT 6000 FEW020 FEW025TCU 34/27 Q1009 NOSIG
VOPC,2026-10-09T09:00:00Z,35.0,24.0,53.0,100,9.0,,4.35,1009.0,,METAR VOPC 090900Z 10009KT 7000 SCT020 FEW030CB 35/24 Q1009 NOSIG
VOSM,2026-10-09T09:00:00Z,34.0,19.0,41.3,190,4.0,,4.35,1010.0,,METAR VOSM 090900Z 19004KT 7000 SCT020 34/19 Q1010 NOSIG
VOTK,2026-10-09T09:00:00Z,33.0,23.0,55.8,60,7.0,,3.11,1010.0,HZ,METAR VOTK 090900Z 06007KT 5000 HZ SCT018 FEW025TCU 33/23 Q1010 NOSIG
VOTR,2026-10-09T09:00:00Z,35.0,26.0,59.7,110,5.0,,3.73,1009.0,,METAR VOTR 090900Z 11005KT 6000 FEW020 FEW025TCU BKN100 35/26 Q1009 NOSIG
VOCB,2026-10-09T09:30:00Z,35.0,18.0,36.7,90,10.0,,3.73,1011.0,,METAR VOCB 090930Z 09010KT 6000 SCT012 FEW020TCU 35/18 Q1011 NOSIG
VOMD,2026-10-09T09:30:00Z,33.0,24.0,59.3,100,11.0,,3.73,1009.0,,METAR VOMD 090930Z 10011KT 6000 SCT020 33/24 Q1009 NOSIG
VOMM,2026-10-09T09:30:00Z,33.0,27.0,70.8,110,8.0,,3.73,1009.0,,METAR VOMM 090930Z 11008KT 6000 FEW020 33/27 Q1009 NOSIG
VOSM,2026-10-09T09:30:00Z,35.0,18.0,36.7,20,4.0,,4.35,1009.0,,METAR VOSM 090930Z 02004KT 7000 SCT020 FEW025TCU 35/18 Q1009 NOSIG
VOTK,2026-10-09T09:30:00Z,33.0,23.0,55.8,100,4.0,,3.11,1009.0,HZ,METAR VOTK 090930Z 10004KT 5000 HZ SCT018 SCT100 33/23 Q1009 NOSIG
VOTR,2026-10-09T09:30:00Z,36.0,27.0,60.0,80,6.0,,3.73,1008.0,,METAR VOTR 090930Z 08006KT 6000 FEW020 FEW025TCU BKN100 36/27 Q1008 NOSIG
VOCB,2026-10-09T10:00:00Z,35.0,18.0,36.7,90,8.0,,3.73,1011.0,,METAR VOCB 091000Z 09008KT 6000 SCT012 FEW020TCU SCT080 35/18 Q1011 NOSIG
VOMD,2026-10-09T10:00:00Z,33.0,24.0,59.3,90,12.0,,3.73,1008.0,,METAR VOMD 091000Z 09012KT 6000 SCT020 FEW025TCU SCT100 33/24 Q1008 NOSIG
VOMM,2026-10-09T10:00:00Z,33.0,26.0,66.8,80,9.0,,3.73,1009.0,,METAR VOMM 091000Z 08009KT 6000 FEW020 33/26 Q1009 NOSIG
VOPC,2026-10-09T10:00:00Z,34.0,23.0,52.8,100,9.0,,4.35,1009.0,,METAR VOPC 091000Z 10009KT 7000 FEW020 FEW030CB SCT100 34/23 Q1009 NOSIG
VOSM,2026-10-09T10:00:00Z,35.0,18.0,36.7,VRB,2.0,,4.35,1009.0,,METAR VOSM 091000Z VRB02KT 7000 SCT020 35/18 Q1009 NOSIG
VOTK,2026-10-09T10:00:00Z,33.0,23.0,55.8,80,5.0,,3.11,1009.0,HZ,METAR VOTK 091000Z 08005KT 5000 HZ SCT018 FEW025TCU 33/23 Q1009 NOSIG
VOTR,2026-10-09T10:00:00Z,36.0,26.0,56.5,70,9.0,,3.73,1008.0,,METAR VOTR 091000Z 07009KT 6000 FEW020 FEW025TCU BKN100 36/26 Q1008 NOSIG
VOCB,2026-10-09T10:30:00Z,34.0,18.0,38.8,100,12.0,,3.73,1011.0,,METAR VOCB 091030Z 10012KT 6000 SCT012 FEW020TCU SCT080 34/18 Q1011 NOSIG
VOMD,2026-10-09T10:30:00Z,32.0,24.0,62.7,110,10.0,,3.73,1008.0,,METAR VOMD 091030Z 11010KT 6000 SCT020 FEW025TCU SCT100 32/24 Q1008 NOSIG
VOMM,2026-10-09T10:30:00Z,32.0,25.0,66.6,90,9.0,,3.73,1008.0,,METAR VOMM 091030Z 09009KT 6000 FEW020 32/25 Q1008 NOSIG
VOPC,2026-10-09T10:30:00Z,33.0,24.0,59.3,90,8.0,,4.35,1009.0,,METAR VOPC 091030Z 09008KT 7000 SCT020 FEW030CB SCT100 33/24 Q1009 NOSIG
VOSM,2026-10-09T10:30:00Z,34.0,18.0,38.8,170,3.0,,4.35,1009.0,,METAR VOSM 091030Z 17003KT 7000 SCT020 34/18 Q1009 NOSIG
VOTK,2026-10-09T10:30:00Z,33.0,24.0,59.3,90,8.0,,3.11,1009.0,HZ,METAR VOTK 091030Z 09008KT 5000 HZ SCT018 FEW025CB 33/24 Q1009 NOSIG
VOTR,2026-10-09T10:30:00Z,35.0,25.0,56.3,90,7.0,,3.73,1007.0,,METAR VOTR 091030Z 09007KT 6000 FEW020 FEW025CB BKN100 35/25 Q1007 NOSIG
VOCB,2026-10-09T11:00:00Z,34.0,18.0,38.8,90,5.0,,3.73,1011.0,,METAR VOCB 091100Z 09005KT 6000 SCT012 FEW020TCU SCT080 34/18 Q1011 NOSIG
VOMD,2026-10-09T11:00:00Z,32.0,24.0,62.7,140,7.0,,3.73,1009.0,,METAR VOMD 091100Z 14007KT 6000 SCT020 FEW025TCU SCT100 32/24 Q1009 NOSIG
VOMM,2026-10-09T11:00:00Z,32.0,27.0,74.9,90,9.0,,3.73,1009.0,,METAR VOMM 091100Z 09009KT 6000 FEW020 SCT100 32/27 Q1009 NOSIG
VOPC,2026-10-09T11:00:00Z,32.0,25.0,66.6,100,8.0,,4.35,1009.0,,METAR VOPC 091100Z 10008KT 7000 SCT020 FEW030CB SCT100 32/25 Q1009 NOSIG
VOSM,2026-10-09T11:00:00Z,34.0,19.0,41.3,VRB,2.0,,4.35,1009.0,,METAR VOSM 091100Z VRB02KT 7000 SCT020 34/19 Q1009 NOSIG
VOTK,2026-10-09T11:00:00Z,33.0,24.0,59.3,100,8.0,,3.11,1009.0,HZ,METAR VOTK 091100Z 10008KT 5000 HZ SCT018 FEW025CB 33/24 Q1009 NOSIG
VOTR,2026-10-09T11:00:00Z,34.0,26.0,63.1,50,11.0,,3.73,1008.0,,METAR VOTR 091100Z 05011KT 6000 FEW020 FEW025CB BKN100 34/26 Q1008 NOSIG
VOCB,2026-10-09T11:30:00Z,34.0,18.0,38.8,90,4.0,,3.73,1011.0,,METAR VOCB 091130Z 09004KT 6000 SCT012 FEW020TCU SCT080 34/18 Q1011 NOSIG
VOMD,2026-10-09T11:30:00Z,31.0,24.0,66.4,170,7.0,,3.73,1009.0,,METAR VOMD 091130Z 17007KT 6000 SCT020 FEW025TCU SCT100 31/24 Q1009 NOSIG
VOMM,2026-10-09T11:30:00Z,31.0,27.0,79.3,90,9.0,,3.73,1009.0,,METAR VOMM 091130Z 09009KT 6000 FEW020 SCT100 31/27 Q1009 NOSIG
VOPC,2026-10-09T11:30:00Z,32.0,25.0,66.6,90,9.0,,4.35,1009.0,,METAR VOPC 091130Z 09009KT 7000 SCT018 FEW030CB SCT100 32/25 Q1009 NOSIG
VOSM,2026-10-09T11:30:00Z,33.0,19.0,43.6,VRB,2.0,,4.35,1009.0,,METAR VOSM 091130Z VRB02KT 7000 SCT020 33/19 Q1009 NOSIG
VOTR,2026-10-09T11:30:00Z,33.0,25.0,62.9,60,8.0,,3.73,1008.0,,METAR VOTR 091130Z 06008KT 6000 FEW020 FEW025CB BKN100 33/25 Q1008 NOSIG
VOCB,2026-10-09T12:00:00Z,34.0,18.0,38.8,90,6.0,,3.73,1012.0,,METAR VOCB 091200Z 09006KT 6000 SCT012 FEW020TCU BKN080 34/18 Q1012 BECMG 5000 HZ
VOMD,2026-10-09T12:00:00Z,31.0,24.0,66.4,190,7.0,,3.73,1010.0,,METAR VOMD 091200Z 19007KT 6000 SCT020 FEW025CB SCT100 31/24 Q1010 NOSIG
VOMM,2026-10-09T12:00:00Z,31.0,27.0,79.3,90,8.0,,3.73,1009.0,,METAR VOMM 091200Z 09008KT 6000 FEW020 SCT100 31/27 Q1009 NOSIG
VOPC,2026-10-09T12:00:00Z,31.0,25.0,70.5,90,7.0,,3.73,1010.0,,METAR VOPC 091200Z 09007KT 6000 SCT018 SCT100 31/25 Q1010 NOSIG
VOSM,2026-10-09T12:00:00Z,33.0,19.0,43.6,110,3.0,,4.35,1010.0,,METAR VOSM 091200Z 11003KT 7000 SCT020 33/19 Q1010 NOSIG
VOTK,2026-10-09T12:00:00Z,32.0,24.0,62.7,150,4.0,,3.11,1010.0,HZ,METAR VOTK 091200Z 15004KT 5000 HZ SCT018 SCT100 32/24 Q1010 NOSIG
VOTR,2026-10-09T12:00:00Z,33.0,25.0,62.9,90,5.0,,3.73,1009.0,,METAR VOTR 091200Z 09005KT 6000 FEW020 FEW025CB BKN100 33/25 Q1009 NOSIG
VOCB,2026-10-09T12:30:00Z,33.0,18.0,41.0,100,4.0,,3.11,1012.0,HZ,METAR VOCB 091230Z 10004KT 5000 HZ SCT012 BKN080 33/18 Q1012 NOSIG
VOMD,2026-10-09T12:30:00Z,30.0,23.0,66.2,170,6.0,,3.73,1010.0,,METAR VOMD 091230Z 17006KT 6000 SCT020 FEW025CB SCT100 30/23 Q1010 NOSIG
VOMM,2026-10-09T12:30:00Z,30.0,27.0,84.0,100,10.0,,3.73,1009.0,,METAR VOMM 091230Z 10010KT 6000 FEW020 SCT100 30/27 Q1009 BECMG 5000 BR
VOSM,2026-10-09T12:30:00Z,32.0,19.0,46.2,120,3.0,,4.35,1010.0,,METAR VOSM 091230Z 12003KT 7000 SCT018 SCT100 32/19 Q1010 NOSIG
VOTR,2026-10-09T12:30:00Z,30.0,24.0,70.3,140,5.0,,3.73,1010.0,,METAR VOTR 091230Z 14005KT 6000 FEW020 FEW025CB BKN100 30/24 Q1010 NOSIG
VOCB,2026-10-09T13:00:00Z,31.0,22.0,58.8,200,14.0,,3.11,1013.0,HZ,METAR VOCB 091300Z 20014KT 5000 HZ SCT012 BKN080 31/22 Q1013 NOSIG
VOMD,2026-10-09T13:00:00Z,28.0,21.0,65.8,320,9.0,,3.73,1012.0,,METAR VOMD 091300Z 32009KT 6000 SCT020 FEW025CB SCT090 28/21 Q1012 TEMPO 4000 TSRA
VOMM,2026-10-09T13:00:00Z,31.0,27.0,79.3,100,8.0,,3.11,1010.0,BR,METAR VOMM 091300Z 10008KT 5000 BR FEW020 SCT100 31/27 Q1010 NOSIG
VOSM,2026-10-09T13:00:00Z,32.0,18.0,43.4,50,3.0,,3.73,1011.0,,METAR VOSM 091300Z 05003KT 6000 SCT018 SCT100 32/18 Q1011 BECMG 5000 HZ
VOTK,2026-10-09T13:00:00Z,31.0,24.0,66.4,160,4.0,,3.11,1011.0,HZ,METAR VOTK 091300Z 16004KT 5000 HZ FEW018 SCT100 31/24 Q1011 NOSIG
VOTR,2026-10-09T13:00:00Z,30.0,25.0,74.6,120,5.0,,3.73,1010.0,,METAR VOTR 091300Z 12005KT 6000 FEW020 BKN100 30/25 Q1010 NOSIG
VOCB,2026-10-09T13:30:00Z,27.0,21.0,69.7,200,8.0,,3.11,1013.0,HZ,METAR VOCB 091330Z 20008KT 5000 HZ SCT012 BKN080 27/21 Q1013 NOSIG
VOMD,2026-10-09T13:30:00Z,28.0,22.0,69.9,340,11.0,,3.73,1012.0,,METAR VOMD 091330Z 34011KT 6000 SCT020 FEW025CB SCT090 28/22 Q1012 TEMPO 4000 TSRA
VOMM,2026-10-09T13:30:00Z,30.0,27.0,84.0,90,8.0,,3.11,1010.0,BR,METAR VOMM 091330Z 09008KT 5000 BR FEW020 SCT100 30/27 Q1010 NOSIG
VOTK,2026-10-09T13:30:00Z,30.0,25.0,74.6,150,4.0,,3.11,1012.0,HZ,METAR VOTK 091330Z 15004KT 5000 HZ FEW018 SCT100 30/25 Q1012 NOSIG
VOTR,2026-10-09T13:30:00Z,30.0,25.0,74.6,120,4.0,,3.73,1011.0,,METAR VOTR 091330Z 12004KT 6000 FEW020 BKN100 30/25 Q1011 BECMG 5000 BR
VOCB,2026-10-09T14:00:00Z,26.0,21.0,74.0,200,8.0,,3.11,1014.0,HZ,METAR VOCB 091400Z 20008KT 5000 HZ SCT012 BKN080 26/21 Q1014 NOSIG
VOMD,2026-10-09T14:00:00Z,25.0,22.0,83.5,50,12.0,22.0,1.55,1013.0,TSRA,METAR VOMD 091400Z 05012G22KT 2500 TSRA SCT015 FEW025CB BKN080 25/22 Q1013 TEMPO 1500 TSRA
VOMM,2026-10-09T14:00:00Z,30.0,27.0,84.0,100,8.0,,3.11,1011.0,BR,METAR VOMM 091400Z 10008KT 5000 BR FEW020 SCT100 30/27 Q1011 NOSIG
VOTK,2026-10-09T14:00:00Z,29.0,25.0,79.1,210,3.0,,3.11,1012.0,BR,METAR VOTK 091400Z 21003KT 5000 BR FEW018 SCT100 29/25 Q1012 NOSIG
VOTR,2026-10-09T14:00:00Z,30.0,26.0,79.2,VRB,3.0,,3.11,1011.0,BR,METAR VOTR 091400Z VRB03KT 5000 BR FEW020 BKN100 30/26 Q1011 NOSIG
VOCB,2026-10-09T14:30:00Z,26.0,21.0,74.0,190,7.0,,3.11,1014.0,HZ,METAR VOCB 091430Z 19007KT 5000 HZ SCT012 BKN080 26/21 Q1014 NOSIG
VOMD,2026-10-09T14:30:00Z,25.0,23.0,88.7,70,9.0,,2.8,1013.0,-TSRA,METAR VOMD 091430Z 07009KT 4500 -TSRA SCT015 FEW025CB BKN080 25/23 Q1013 TEMPO 3000 TSRA
VOMM,2026-10-09T14:30:00Z,30.0,27.0,84.0,90,8.0,,3.11,1011.0,BR,METAR VOMM 091430Z 09008KT 5000 BR FEW020 SCT100 30/27 Q1011 NOSIG
VOTK,2026-10-09T14:30:00Z,29.0,25.0,79.1,260,3.0,,3.11,1012.0,BR,METAR VOTK 091430Z 26003KT 5000 BR FEW018 SCT100 29/25 Q1012 NOSIG
VOTR,2026-10-09T14:30:00Z,30.0,26.0,79.2,150,4.0,,3.11,1012.0,BR,METAR VOTR 091430Z 15004KT 5000 BR FEW020 BKN100 30/26 Q1012 NOSIG
VOCB,2026-10-09T15:00:00Z,26.0,22.0,78.6,230,6.0,,3.11,1015.0,BR,METAR VOCB 091500Z 23006KT 5000 BR SCT012 BKN080 26/22 Q1015 NOSIG
VOMD,2026-10-09T15:00:00Z,25.0,24.0,94.2,220,8.0,,2.49,1013.0,TS VCSH,METAR VOMD 091500Z 22008KT 4000 TS VCSH SCT015 FEW025CB BKN090 25/24 Q1013 TEMPO 3000 -TSRA
VOMM,2026-10-09T15:00:00Z,30.0,27.0,84.0,110,8.0,,3.11,1012.0,BR,METAR VOMM 091500Z 11008KT 5000 BR FEW020 SCT100 30/27 Q1012 NOSIG
VOTK,2026-10-09T15:00:00Z,28.0,25.0,83.8,320,2.0,,3.11,1013.0,BR,METAR VOTK 091500Z 32002KT 5000 BR FEW018 SCT100 28/25 Q1013 NOSIG
VOTR,2026-10-09T15:00:00Z,30.0,26.0,79.2,140,5.0,,3.11,1012.0,BR,METAR VOTR 091500Z 14005KT 5000 BR FEW020 BKN100 30/26 Q1012 NOSIG
VOCB,2026-10-09T15:30:00Z,25.0,21.0,78.5,200,5.0,,3.11,1015.0,BR,METAR VOCB 091530Z 20005KT 5000 BR SCT012 BKN080 25/21 Q1015 NOSIG
VOMD,2026-10-09T15:30:00Z,25.0,24.0,94.2,260,3.0,,2.17,1013.0,-TSRA,METAR VOMD 091530Z 26003KT 3500 -TSRA SCT018 FEW025CB BKN090 25/24 Q1013 NOSIG
VOMM,2026-10-09T15:30:00Z,30.0,27.0,84.0,100,7.0,,3.11,1012.0,BR,METAR VOMM 091530Z 10007KT 5000 BR FEW020 SCT100 30/27 Q1012 NOSIG
VOTR,2026-10-09T15:30:00Z,29.0,26.0,83.9,140,4.0,,3.11,1012.0,BR,METAR VOTR 091530Z 14004KT 5000 BR FEW020 BKN100 29/26 Q1012 NOSIG
VOCB,2026-10-09T16:00:00Z,25.0,21.0,78.5,180,4.0,,3.11,1015.0,BR,METAR VOCB 091600Z 18004KT 5000 BR FEW012 BKN080 25/21 Q1015 NOSIG
VOMD,2026-10-09T16:00:00Z,25.0,24.0,94.2,280,7.0,,2.8,1014.0,-RA,METAR VOMD 091600Z 28007KT 4500 -RA SCT018 FEW025CB BKN090 25/24 Q1014 TEMPO 5000 DZ BR
VOMM,2026-10-09T16:00:00Z,30.0,26.0,79.2,90,8.0,,3.11,1012.0,BR,METAR VOMM 091600Z 09008KT 5000 BR FEW020 SCT100 30/26 Q1012 NOSIG
VOTR,2026-10-09T16:00:00Z,29.0,26.0,83.9,140,4.0,,3.11,1013.0,BR,METAR VOTR 091600Z 14004KT 5000 BR FEW020 BKN100 29/26 Q1013 NOSIG
VOCB,2026-10-09T16:30:00Z,25.0,21.0,78.5,180,8.0,,3.11,1015.0,BR,METAR VOCB 091630Z 18008KT 5000 BR FEW012 BKN080 25/21 Q1015 NOSIG
VOMD,2026-10-09T16:30:00Z,25.0,24.0,94.2,320,5.0,,3.11,1014.0,BR,METAR VOMD 091630Z 32005KT 5000 BR SCT018 FEW025CB BKN100 25/24 Q1014 NOSIG
VOMM,2026-10-09T16:30:00Z,29.0,26.0,83.9,90,6.0,,3.11,1012.0,BR,METAR VOMM 091630Z 09006KT 5000 BR FEW020 SCT100 29/26 Q1012 NOSIG
VOTR,2026-10-09T16:30:00Z,29.0,26.0,83.9,190,3.0,,3.11,1013.0,BR,METAR VOTR 091630Z 19003KT 5000 BR FEW020 BKN100 29/26 Q1013 NOSIG
VOCB,2026-10-09T17:00:00Z,25.0,21.0,78.5,150,6.0,,3.11,1016.0,BR,METAR VOCB 091700Z 15006KT 5000 BR FEW012 BKN080 25/21 Q1016 NOSIG
VOMM,2026-10-09T17:00:00Z,30.0,26.0,79.2,90,7.0,,3.11,1012.0,BR,METAR VOMM 091700Z 09007KT 5000 BR FEW020 SCT100 30/26 Q1012 NOSIG
VOTR,2026-10-09T17:00:00Z,29.0,26.0,83.9,140,4.0,,3.11,1012.0,BR,METAR VOTR 091700Z 14004KT 5000 BR FEW020 BKN100 29/26 Q1012 NOSIG
VOCB,2026-10-09T17:30:00Z,25.0,21.0,78.5,150,6.0,,3.11,1016.0,BR,METAR VOCB 091730Z 15006KT 5000 BR SCT012 BKN080 25/21 Q1016 NOSIG
VOMD,2026-10-09T17:30:00Z,25.0,24.0,94.2,300,6.0,,3.11,1014.0,BR,METAR VOMD 091730Z 30006KT 5000 BR SCT018 FEW025CB BKN100 25/24 Q1014 NOSIG
VOMM,2026-10-09T17:30:00Z,30.0,26.0,79.2,100,6.0,,3.11,1012.0,BR,METAR VOMM 091730Z 10006KT 5000 BR FEW020 SCT100 30/26 Q1012 NOSIG
VOTR,2026-10-09T17:30:00Z,28.0,26.0,88.9,200,3.0,,3.11,1012.0,BR,METAR VOTR 091730Z 20003KT 5000 BR FEW020 BKN100 28/26 Q1012 NOSIG
VOCB,2026-10-09T18:00:00Z,26.0,22.0,78.6,180,6.0,,3.11,1016.0,BR,METAR VOCB 091800Z 18006KT 5000 BR SCT012 BKN080 26/22 Q1016 NOSIG
VOMD,2026-10-09T18:00:00Z,25.0,23.0,88.7,280,7.0,,3.11,1013.0,TS BR,METAR VOMD 091800Z 28007KT 5000 TS BR SCT018 FEW025CB SCT090 25/23 Q1013 NOSIG
VOMM,2026-10-09T18:00:00Z,29.0,26.0,83.9,60,4.0,,3.11,1012.0,BR,METAR VOMM 091800Z 06004KT 5000 BR FEW020 SCT100 29/26 Q1012 NOSIG
VOTR,2026-10-09T18:00:00Z,28.0,26.0,88.9,230,3.0,,3.11,1012.0,BR,METAR VOTR 091800Z 23003KT 5000 BR FEW020 SCT100 28/26 Q1012 NOSIG
VOCB,2026-10-09T18:30:00Z,26.0,22.0,78.6,VRB,2.0,,3.11,1016.0,BR,METAR VOCB 091830Z VRB02KT 5000 BR SCT012 BKN080 26/22 Q1016 NOSIG
VOMD,2026-10-09T18:30:00Z,25.0,23.0,88.7,280,10.0,,3.11,1014.0,TS BR,METAR VOMD 091830Z 28010KT 5000 TS BR SCT018 FEW025CB SCT090 25/23 Q1014 NOSIG
VOMM,2026-10-09T18:30:00Z,29.0,26.0,83.9,VRB,2.0,,3.11,1011.0,BR,METAR VOMM 091830Z VRB02KT 5000 BR FEW020 SCT100 29/26 Q1011 NOSIG
VOTR,2026-10-09T18:30:00Z,28.0,26.0,88.9,230,3.0,,3.11,1012.0,BR,METAR VOTR 091830Z 23003KT 5000 BR FEW020 SCT100 28/26 Q1012 NOSIG
VOCB,2026-10-09T19:00:00Z,26.0,22.0,78.6,230,4.0,,3.11,1015.0,BR,METAR VOCB 091900Z 23004KT 5000 BR SCT012 BKN080 26/22 Q1015 NOSIG
VOMD,2026-10-09T19:00:00Z,25.0,23.0,88.7,300,6.0,,2.8,1013.0,BR,METAR VOMD 091900Z 30006KT 4500 BR SCT018 FEW025CB BKN090 25/23 Q1013 NOSIG
VOMM,2026-10-09T19:00:00Z,29.0,26.0,83.9,80,2.0,,3.11,1011.0,BR,METAR VOMM 091900Z 08002KT 5000 BR FEW020 SCT100 29/26 Q1011 NOSIG
VOTR,2026-10-09T19:00:00Z,28.0,26.0,88.9,210,3.0,,3.11,1012.0,BR,METAR VOTR 091900Z 21003KT 5000 BR FEW020 SCT100 28/26 Q1012 NOSIG
VOCB,2026-10-09T19:30:00Z,26.0,23.0,83.6,300,4.0,,3.11,1015.0,-DZ,METAR VOCB 091930Z 30004KT 5000 -DZ SCT012 BKN080 26/23 Q1015 NOSIG
VOMD,2026-10-09T19:30:00Z,24.0,23.0,94.1,310,8.0,,2.49,1012.0,BR,METAR VOMD 091930Z 31008KT 4000 BR SCT018 FEW025CB BKN090 24/23 Q1012 NOSIG
VOMM,2026-10-09T19:30:00Z,29.0,26.0,83.9,VRB,1.0,,3.11,1011.0,BR,METAR VOMM 091930Z VRB01KT 5000 BR FEW020 29/26 Q1011 NOSIG
VOTR,2026-10-09T19:30:00Z,28.0,25.0,83.8,VRB,2.0,,3.11,1012.0,BR,METAR VOTR 091930Z VRB02KT 5000 BR FEW020 SCT100 28/25 Q1012 NOSIG
VOCB,2026-10-09T20:00:00Z,25.0,22.0,83.5,300,5.0,,3.11,1014.0,BR,METAR VOCB 092000Z 30005KT 5000 BR SCT012 BKN080 25/22 Q1014 NOSIG
VOMD,2026-10-09T20:00:00Z,24.0,23.0,94.1,300,7.0,,2.49,1011.0,BR,METAR VOMD 092000Z 30007KT 4000 BR SCT018 BKN090 24/23 Q1011 NOSIG
VOMM,2026-10-09T20:00:00Z,29.0,26.0,83.9,VRB,2.0,,3.11,1011.0,BR,METAR VOMM 092000Z VRB02KT 5000 BR FEW020 29/26 Q1011 NOSIG
VOTR,2026-10-09T20:00:00Z,28.0,25.0,83.8,VRB,2.0,,3.11,1011.0,BR,METAR VOTR 092000Z VRB02KT 5000 BR FEW020 SCT100 28/25 Q1011 NOSIG
VOCB,2026-10-09T20:30:00Z,25.0,23.0,88.7,280,6.0,,3.11,1014.0,BR,METAR VOCB 092030Z 28006KT 5000 BR SCT012 BKN080 25/23 Q1014 NOSIG
VOMD,2026-10-09T20:30:00Z,24.0,23.0,94.1,310,6.0,,2.49,1011.0,BR,METAR VOMD 092030Z 31006KT 4000 BR SCT018 BKN090 24/23 Q1011 NOSIG
VOMM,2026-10-09T20:30:00Z,29.0,26.0,83.9,VRB,2.0,,3.11,1010.0,BR,METAR VOMM 092030Z VRB02KT 5000 BR FEW020 29/26 Q1010 NOSIG
VOTR,2026-10-09T20:30:00Z,27.0,25.0,88.8,VRB,2.0,,3.11,1011.0,BR,METAR VOTR 092030Z VRB02KT 5000 BR FEW020 SCT100 27/25 Q1011 NOSIG
VOCB,2026-10-09T21:00:00Z,25.0,23.0,88.7,300,7.0,,3.11,1014.0,-DZ,METAR VOCB 092100Z 30007KT 5000 -DZ SCT012 BKN080 25/23 Q1014 NOSIG
VOMD,2026-10-09T21:00:00Z,25.0,23.0,88.7,320,5.0,,2.49,1011.0,BR,METAR VOMD 092100Z 32005KT 4000 BR SCT018 BKN090 25/23 Q1011 NOSIG
VOMM,2026-10-09T21:00:00Z,28.0,26.0,88.9,VRB,2.0,,3.11,1010.0,BR,METAR VOMM 092100Z VRB02KT 5000 BR FEW020 28/26 Q1010 NOSIG
VOTR,2026-10-09T21:00:00Z,27.0,25.0,88.8,0,0.0,,3.11,1010.0,BR,METAR VOTR 092100Z 00000KT 5000 BR FEW020 SCT100 27/25 Q1010 NOSIG
VOCB,2026-10-09T21:30:00Z,24.0,23.0,94.1,280,5.0,,3.11,1013.0,BR,METAR VOCB 092130Z 28005KT 5000 BR SCT012 BKN080 24/23 Q1013 NOSIG
VOMD,2026-10-09T21:30:00Z,25.0,23.0,88.7,310,5.0,,2.49,1011.0,BR,METAR VOMD 092130Z 31005KT 4000 BR SCT018 BKN090 25/23 Q1011 NOSIG
VOMM,2026-10-09T21:30:00Z,28.0,26.0,88.9,270,5.0,,3.11,1010.0,BR,METAR VOMM 092130Z 27005KT 5000 BR FEW020 28/26 Q1010 BECMG 3000 BR
VOTR,2026-10-09T21:30:00Z,27.0,26.0,94.3,0,0.0,,3.11,1010.0,BR,METAR VOTR 092130Z 00000KT 5000 BR FEW020 SCT100 27/26 Q1010 NOSIG
VOCB,2026-10-09T22:00:00Z,24.0,23.0,94.1,280,4.0,,3.11,1013.0,BR,METAR VOCB 092200Z 28004KT 5000 BR SCT012 BKN080 24/23 Q1013 NOSIG
VOMD,2026-10-09T22:00:00Z,25.0,23.0,88.7,0,0.0,,2.49,1011.0,BR,METAR VOMD 092200Z 00000KT 4000 BR SCT018 BKN090 25/23 Q1011 NOSIG
VOMM,2026-10-09T22:00:00Z,28.0,26.0,88.9,270,4.0,,1.86,1010.0,BR,METAR VOMM 092200Z 27004KT 3000 BR FEW020 28/26 Q1010 NOSIG
VOTR,2026-10-09T22:00:00Z,27.0,25.0,88.8,0,0.0,,3.11,1010.0,BR,METAR VOTR 092200Z 00000KT 5000 BR FEW020 SCT100 27/25 Q1010 NOSIG
VOMD,2026-10-09T22:30:00Z,25.0,23.0,88.7,280,2.0,,2.49,1011.0,BR,METAR VOMD 092230Z 28002KT 4000 BR SCT018 BKN090 25/23 Q1011 NOSIG
VOMM,2026-10-09T22:30:00Z,28.0,26.0,88.9,270,5.0,,1.86,1010.0,BR,METAR VOMM 092230Z 27005KT 3000 BR FEW020 SCT100 28/26 Q1010 NOSIG
VOTR,2026-10-09T22:30:00Z,27.0,25.0,88.8,0,0.0,,3.11,1010.0,BR,METAR VOTR 092230Z 00000KT 5000 BR FEW020 SCT100 27/25 Q1010 NOSIG
VOCB,2026-10-09T23:00:00Z,24.0,22.0,88.6,VRB,3.0,,3.11,1013.0,BR,METAR VOCB 092300Z VRB03KT 5000 BR SCT012 BKN080 24/22 Q1013 NOSIG
VOMD,2026-10-09T23:00:00Z,25.0,23.0,88.7,0,0.0,,2.49,1011.0,BR,METAR VOMD 092300Z 00000KT 4000 BR SCT018 BKN090 25/23 Q1011 NOSIG
VOMM,2026-10-09T23:00:00Z,28.0,26.0,88.9,280,4.0,,1.86,1010.0,BR,METAR VOMM 092300Z 28004KT 3000 BR FEW020 SCT100 28/26 Q1010 NOSIG
VOTR,2026-10-09T23:00:00Z,27.0,25.0,88.8,VRB,2.0,,3.11,1010.0,BR,METAR VOTR 092300Z VRB02KT 5000 BR FEW020 SCT100 27/25 Q1010 NOSIG
VOCB,2026-10-09T23:30:00Z,24.0,22.0,88.6,VRB,2.0,,3.11,1013.0,BR,METAR VOCB 092330Z VRB02KT 5000 BR SCT012 BKN080 24/22 Q1013 NOSIG
VOMD,2026-10-09T23:30:00Z,25.0,23.0,88.7,300,2.0,,2.49,1011.0,BR,METAR VOMD 092330Z 30002KT 4000 BR SCT018 BKN090 25/23 Q1011 NOSIG
VOMM,2026-10-09T23:30:00Z,28.0,26.0,88.9,290,3.0,,1.86,1010.0,BR,METAR VOMM 092330Z 29003KT 3000 BR FEW020 SCT100 28/26 Q1010 BECMG 1500 BR
VOTR,2026-10-09T23:30:00Z,27.0,25.0,88.8,VRB,2.0,,3.11,1010.0,BR,METAR VOTR 092330Z VRB02KT 5000 BR FEW020 27/25 Q1010 NOSIG
VOCB,2026-10-10T00:00:00Z,24.0,22.0,88.6,VRB,2.0,,3.11,1014.0,BR,METAR VOCB 100000Z VRB02KT 5000 BR SCT012 BKN080 24/22 Q1014 NOSIG
VOMD,2026-10-10T00:00:00Z,25.0,24.0,94.2,320,4.0,,2.49,1011.0,BR,METAR VOMD 100000Z 32004KT 4000 BR SCT018 BKN100 25/24 Q1011 NOSIG
VOMM,2026-10-10T00:00:00Z,28.0,26.0,88.9,300,3.0,,1.55,1010.0,BR,METAR VOMM 100000Z 30003KT 2500 BR FEW020 SCT100 28/26 Q1010 NOSIG
VOTR,2026-10-10T00:00:00Z,27.0,25.0,88.8,VRB,2.0,,3.11,1011.0,BR,METAR VOTR 100000Z VRB02KT 5000 BR FEW020 SCT100 27/25 Q1011 NOSIG
VOCB,2026-10-10T00:30:00Z,24.0,22.0,88.6,VRB,2.0,,3.11,1014.0,BR,METAR VOCB 100030Z VRB02KT 5000 BR FEW012 SCT080 24/22 Q1014 NOSIG
VOMD,2026-10-10T00:30:00Z,25.0,24.0,94.2,310,5.0,,2.49,1011.0,BR,METAR VOMD 100030Z 31005KT 4000 BR SCT018 BKN100 25/24 Q1011 NOSIG
VOMM,2026-10-10T00:30:00Z,28.0,26.0,88.9,290,3.0,,1.55,1011.0,BR,METAR VOMM 100030Z 29003KT 2500 BR FEW020 SCT100 28/26 Q1011 NOSIG
VOTR,2026-10-10T00:30:00Z,27.0,25.0,88.8,0,0.0,,3.11,1011.0,BR,METAR VOTR 100030Z 00000KT 5000 BR FEW020 SCT100 27/25 Q1011 NOSIG
VOCB,2026-10-10T01:00:00Z,24.0,22.0,88.6,VRB,2.0,,3.11,1015.0,BR,METAR VOCB 100100Z VRB02KT 5000 BR FEW012 SCT080 24/22 Q1015 NOSIG
VOMD,2026-10-10T01:00:00Z,25.0,24.0,94.2,320,4.0,,2.49,1012.0,BR,METAR VOMD 100100Z 32004KT 4000 BR SCT020 BKN100 25/24 Q1012 NOSIG
VOMM,2026-10-10T01:00:00Z,27.0,25.0,88.8,VRB,2.0,,1.55,1011.0,BR,METAR VOMM 100100Z VRB02KT 2500 BR FEW020 SCT100 27/25 Q1011 NOSIG
VOTR,2026-10-10T01:00:00Z,27.0,26.0,94.3,VRB,2.0,,3.11,1011.0,BR,METAR VOTR 100100Z VRB02KT 5000 BR FEW020 SCT100 27/26 Q1011 NOSIG
VOCB,2026-10-10T01:30:00Z,25.0,22.0,83.5,VRB,3.0,,3.11,1015.0,BR,METAR VOCB 100130Z VRB03KT 5000 BR FEW012 BKN080 25/22 Q1015 NOSIG
VOMD,2026-10-10T01:30:00Z,26.0,24.0,88.8,340,3.0,,2.49,1012.0,BR,METAR VOMD 100130Z 34003KT 4000 BR FEW020 SCT100 26/24 Q1012 BECMG 5000 BR
VOMM,2026-10-10T01:30:00Z,28.0,26.0,88.9,290,3.0,,1.55,1012.0,BR,METAR VOMM 100130Z 29003KT 2500 BR FEW020 28/26 Q1012 BECMG 3000 BR
VOTK,2026-10-10T01:30:00Z,27.0,24.0,83.7,340,3.0,,3.11,1012.0,BR,METAR VOTK 100130Z 34003KT 5000 BR FEW018 BKN100 27/24 Q1012 NOSIG
VOTR,2026-10-10T01:30:00Z,28.0,26.0,88.9,VRB,2.0,,3.11,1012.0,BR,METAR VOTR 100130Z VRB02KT 5000 BR FEW020 SCT100 28/26 Q1012 NOSIG
VOCB,2026-10-10T02:00:00Z,26.0,22.0,78.6,20,4.0,,2.49,1015.0,BR,METAR VOCB 100200Z 02004KT 4000 BR FEW012 SCT080 26/22 Q1015 NOSIG
VOMD,2026-10-10T02:00:00Z,27.0,24.0,83.7,330,4.0,,3.11,1012.0,BR,METAR VOMD 100200Z 33004KT 5000 BR FEW020 27/24 Q1012 NOSIG
VOMM,2026-10-10T02:00:00Z,29.0,26.0,83.9,310,3.0,,1.86,1012.0,BR,METAR VOMM 100200Z 31003KT 3000 BR FEW020 29/26 Q1012 BECMG 5000 BR
VOTK,2026-10-10T02:00:00Z,28.0,25.0,83.8,340,3.0,,3.11,1012.0,BR,METAR VOTK 100200Z 34003KT 5000 BR FEW018 BKN100 28/25 Q1012 NOSIG
VOTR,2026-10-10T02:00:00Z,29.0,27.0,89.0,310,4.0,,3.11,1012.0,BR,METAR VOTR 100200Z 31004KT 5000 BR FEW020 SCT100 29/27 Q1012 NOSIG
VOCB,2026-10-10T02:30:00Z,27.0,22.0,74.1,40,3.0,,2.49,1016.0,BR,METAR VOCB 100230Z 04003KT 4000 BR FEW012 BKN080 27/22 Q1016 NOSIG
VOMD,2026-10-10T02:30:00Z,28.0,24.0,78.9,320,5.0,,3.73,1013.0,,METAR VOMD 100230Z 32005KT 6000 FEW020 28/24 Q1013 NOSIG
VOMM,2026-10-10T02:30:00Z,29.0,27.0,89.0,290,3.0,,2.49,1012.0,BR,METAR VOMM 100230Z 29003KT 4000 BR FEW020 29/27 Q1012 BECMG 5000 BR
VOTK,2026-10-10T02:30:00Z,29.0,24.0,74.5,350,3.0,,3.11,1013.0,HZ,METAR VOTK 100230Z 35003KT 5000 HZ FEW018 BKN100 29/24 Q1013 NOSIG
VOTR,2026-10-10T02:30:00Z,31.0,28.0,84.1,30,3.0,,3.11,1012.0,BR,METAR VOTR 100230Z 03003KT 5000 BR FEW020 SCT025 31/28 Q1012 NOSIG
VOCB,2026-10-10T03:00:00Z,28.0,22.0,69.9,330,6.0,,2.8,1016.0,HZ,METAR VOCB 100300Z 33006KT 4500 HZ FEW012 BKN080 28/22 Q1016 BECMG 5000 HZ
VOMD,2026-10-10T03:00:00Z,30.0,25.0,74.6,330,5.0,,3.73,1013.0,,METAR VOMD 100300Z 33005KT 6000 FEW020 30/25 Q1013 NOSIG
VOMM,2026-10-10T03:00:00Z,31.0,27.0,79.3,VRB,3.0,,3.11,1012.0,BR,METAR VOMM 100300Z VRB03KT 5000 BR FEW020 31/27 Q1012 NOSIG
VOPC,2026-10-10T03:00:00Z,30.0,25.0,74.6,350,5.0,,3.73,1013.0,,METAR VOPC 100300Z 35005KT 6000 SCT015 30/25 Q1013 NOSIG
VOSM,2026-10-10T03:00:00Z,29.0,22.0,66.0,VRB,2.0,,3.11,1014.0,HZ,METAR VOSM 100300Z VRB02KT 5000 HZ SCT018 29/22 Q1014 NOSIG
VOTK,2026-10-10T03:00:00Z,30.0,23.0,66.2,350,3.0,,3.11,1013.0,HZ,METAR VOTK 100300Z 35003KT 5000 HZ FEW018 BKN100 30/23 Q1013 NOSIG
VOTR,2026-10-10T03:00:00Z,31.0,28.0,84.1,VRB,2.0,,3.11,1012.0,BR,METAR VOTR 100300Z VRB02KT 5000 BR FEW020 SCT025 BKN100 31/28 Q1012 NOSIG
VOCB,2026-10-10T03:30:00Z,29.0,22.0,66.0,350,4.0,,3.11,1016.0,HZ,METAR VOCB 100330Z 35004KT 5000 HZ FEW012 BKN080 29/22 Q1016 NOSIG
VOMD,2026-10-10T03:30:00Z,30.0,25.0,74.6,360,6.0,,3.73,1013.0,,METAR VOMD 100330Z 36006KT 6000 FEW020 30/25 Q1013 NOSIG
VOMM,2026-10-10T03:30:00Z,32.0,28.0,79.5,VRB,3.0,,3.11,1012.0,BR,METAR VOMM 100330Z VRB03KT 5000 BR FEW020 SCT100 32/28 Q1012 NOSIG
VOTR,2026-10-10T03:30:00Z,31.0,27.0,79.3,VRB,3.0,,3.11,1012.0,BR,METAR VOTR 100330Z VRB03KT 5000 BR FEW020 SCT025 BKN100 31/27 Q1012 NOSIG
VOCB,2026-10-10T04:00:00Z,29.0,22.0,66.0,330,4.0,,3.11,1016.0,HZ,METAR VOCB 100400Z 33004KT 5000 HZ FEW012 SCT080 29/22 Q1016 NOSIG
VOMD,2026-10-10T04:00:00Z,31.0,24.0,66.4,20,6.0,,3.73,1013.0,,METAR VOMD 100400Z 02006KT 6000 FEW020 31/24 Q1013 NOSIG
VOMM,2026-10-10T04:00:00Z,32.0,27.0,74.9,VRB,3.0,,3.11,1012.0,BR,METAR VOMM 100400Z VRB03KT 5000 BR FEW020 SCT100 32/27 Q1012 NOSIG
VOPC,2026-10-10T04:00:00Z,32.0,25.0,66.6,10,5.0,,3.73,1013.0,,METAR VOPC 100400Z 01005KT 6000 SCT015 SCT100 32/25 Q1013 NOSIG
VOSM,2026-10-10T04:00:00Z,30.0,21.0,58.6,VRB,2.0,,3.11,1014.0,HZ,METAR VOSM 100400Z VRB02KT 5000 HZ SCT020 30/21 Q1014 NOSIG
VOTK,2026-10-10T04:00:00Z,31.0,23.0,62.5,10,3.0,,3.11,1013.0,HZ,METAR VOTK 100400Z 01003KT 5000 HZ FEW018 SCT100 31/23 Q1013 NOSIG
VOTR,2026-10-10T04:00:00Z,33.0,27.0,70.8,40,5.0,,3.73,1013.0,,METAR VOTR 100400Z 04005KT 6000 FEW020 SCT025 BKN100 33/27 Q1013 NOSIG
VOCB,2026-10-10T04:30:00Z,30.0,22.0,62.3,40,4.0,,3.11,1016.0,HZ,METAR VOCB 100430Z 04004KT 5000 HZ SCT012 SCT080 30/22 Q1016 NOSIG
VOMD,2026-10-10T04:30:00Z,32.0,24.0,62.7,30,5.0,,3.73,1013.0,,METAR VOMD 100430Z 03005KT 6000 FEW020 32/24 Q1013 NOSIG
VOMM,2026-10-10T04:30:00Z,33.0,27.0,70.8,360,4.0,,3.11,1012.0,HZ,METAR VOMM 100430Z 36004KT 5000 HZ FEW020 SCT100 33/27 Q1012 NOSIG
VOTR,2026-10-10T04:30:00Z,33.0,27.0,70.8,30,3.0,,3.73,1012.0,,METAR VOTR 100430Z 03003KT 6000 FEW020 SCT025 33/27 Q1012 NOSIG
VOCB,2026-10-10T05:00:00Z,31.0,22.0,58.8,70,4.0,,3.11,1015.0,HZ,METAR VOCB 100500Z 07004KT 5000 HZ SCT012 SCT080 31/22 Q1015 NOSIG
VOMD,2026-10-10T05:00:00Z,32.0,25.0,66.6,360,7.0,,3.73,1013.0,,METAR VOMD 100500Z 36007KT 6000 SCT020 32/25 Q1013 NOSIG
VOMM,2026-10-10T05:00:00Z,34.0,26.0,63.1,60,3.0,,3.11,1012.0,HZ,METAR VOMM 100500Z 06003KT 5000 HZ FEW020 SCT100 34/26 Q1012 NOSIG
VOPC,2026-10-10T05:00:00Z,33.0,25.0,62.9,70,8.0,,3.73,1012.0,,METAR VOPC 100500Z 07008KT 6000 SCT015 33/25 Q1012 NOSIG
VOSM,2026-10-10T05:00:00Z,30.0,20.0,55.1,VRB,2.0,,3.11,1014.0,HZ,METAR VOSM 100500Z VRB02KT 5000 HZ SCT020 30/20 Q1014 NOSIG
VOTK,2026-10-10T05:00:00Z,30.0,23.0,66.2,340,3.0,,3.11,1013.0,HZ,METAR VOTK 100500Z 34003KT 5000 HZ FEW018 FEW025TCU SCT100 30/23 Q1013 NOSIG
VOTR,2026-10-10T05:00:00Z,33.0,27.0,70.8,90,6.0,,3.73,1012.0,,METAR VOTR 100500Z 09006KT 6000 FEW020 SCT025 33/27 Q1012 NOSIG
VOCB,2026-10-10T05:30:00Z,31.0,22.0,58.8,80,4.0,,3.11,1015.0,HZ,METAR VOCB 100530Z 08004KT 5000 HZ SCT012 SCT080 31/22 Q1015 NOSIG
VOMD,2026-10-10T05:30:00Z,32.0,24.0,62.7,20,5.0,,3.73,1012.0,,METAR VOMD 100530Z 02005KT 6000 SCT020 32/24 Q1012 NOSIG
VOMM,2026-10-10T05:30:00Z,34.0,26.0,63.1,100,4.0,,2.49,1012.0,HZ,METAR VOMM 100530Z 10004KT 4000 HZ FEW020 SCT100 34/26 Q1012 NOSIG
VOSM,2026-10-10T05:30:00Z,32.0,19.0,46.2,VRB,2.0,,3.11,1013.0,HZ,METAR VOSM 100530Z VRB02KT 5000 HZ SCT020 32/19 Q1013 NOSIG
VOTK,2026-10-10T05:30:00Z,31.0,24.0,66.4,350,3.0,,3.11,1012.0,HZ,METAR VOTK 100530Z 35003KT 5000 HZ SCT018 FEW025TCU SCT100 31/24 Q1012 NOSIG
VOTR,2026-10-10T05:30:00Z,34.0,27.0,67.0,100,7.0,,3.73,1012.0,,METAR VOTR 100530Z 10007KT 6000 FEW020 SCT025 34/27 Q1012 NOSIG
VOCB,2026-10-10T06:00:00Z,31.0,21.0,55.3,60,6.0,,3.73,1015.0,,METAR VOCB 100600Z 06006KT 6000 SCT012 SCT080 31/21 Q1015 NOSIG
VOMD,2026-10-10T06:00:00Z,33.0,24.0,59.3,30,9.0,,3.73,1012.0,,METAR VOMD 100600Z 03009KT 6000 SCT020 33/24 Q1012 NOSIG
VOMM,2026-10-10T06:00:00Z,33.0,26.0,66.8,60,6.0,,2.49,1011.0,HZ,METAR VOMM 100600Z 06006KT 4000 HZ SCT020 FEW025TCU BKN100 33/26 Q1011 NOSIG
VOPC,2026-10-10T06:00:00Z,33.0,24.0,59.3,80,8.0,,3.73,1011.0,,METAR VOPC 100600Z 08008KT 6000 SCT015 33/24 Q1011 NOSIG
VOSM,2026-10-10T06:00:00Z,33.0,18.0,41.0,360,5.0,,3.73,1012.0,,METAR VOSM 100600Z 36005KT 6000 SCT020 33/18 Q1012 NOSIG
VOTK,2026-10-10T06:00:00Z,32.0,24.0,62.7,30,3.0,,3.11,1011.0,HZ,METAR VOTK 100600Z 03003KT 5000 HZ SCT018 FEW025CB SCT100 32/24 Q1011 NOSIG
VOTR,2026-10-10T06:00:00Z,34.0,26.0,63.1,70,5.0,,3.73,1011.0,,METAR VOTR 100600Z 07005KT 6000 FEW020 SCT025 34/26 Q1011 NOSIG
VOCB,2026-10-10T06:30:00Z,32.0,21.0,52.3,40,6.0,,3.73,1014.0,,METAR VOCB 100630Z 04006KT 6000 SCT012 SCT080 32/21 Q1014 NOSIG
VOMD,2026-10-10T06:30:00Z,33.0,23.0,55.8,50,6.0,,3.73,1011.0,,METAR VOMD 100630Z 05006KT 6000 SCT020 33/23 Q1011 NOSIG
VOMM,2026-10-10T06:30:00Z,33.0,26.0,66.8,80,5.0,,2.49,1011.0,HZ,METAR VOMM 100630Z 08005KT 4000 HZ SCT020 BKN100 33/26 Q1011 NOSIG
VOPC,2026-10-10T06:30:00Z,34.0,24.0,56.0,90,8.0,,3.73,1011.0,,METAR VOPC 100630Z 09008KT 6000 SCT020 34/24 Q1011 NOSIG
VOSM,2026-10-10T06:30:00Z,33.0,18.0,41.0,40,3.0,,3.73,1012.0,,METAR VOSM 100630Z 04003KT 6000 SCT020 33/18 Q1012 NOSIG
VOTK,2026-10-10T06:30:00Z,33.0,23.0,55.8,340,10.0,,3.11,1011.0,HZ,METAR VOTK 100630Z 34010KT 5000 HZ SCT018 FEW025CB SCT100 33/23 Q1011 NOSIG
VOTR,2026-10-10T06:30:00Z,35.0,27.0,63.4,VRB,2.0,,3.73,1010.0,,METAR VOTR 100630Z VRB02KT 6000 FEW020 SCT025 35/27 Q1010 NOSIG
VOCB,2026-10-10T07:00:00Z,32.0,20.0,49.1,90,9.0,,3.73,1013.0,,METAR VOCB 100700Z 09009KT 6000 SCT012 SCT080 32/20 Q1013 NOSIG
VOMD,2026-10-10T07:00:00Z,35.0,23.0,49.9,40,7.0,,3.73,1010.0,,METAR VOMD 100700Z 04007KT 6000 SCT020 35/23 Q1010 NOSIG
VOMM,2026-10-10T07:00:00Z,33.0,26.0,66.8,80,6.0,,2.49,1010.0,HZ,METAR VOMM 100700Z 08006KT 4000 HZ SCT020 BKN100 33/26 Q1010 NOSIG
VOPC,2026-10-10T07:00:00Z,35.0,24.0,53.0,100,9.0,,3.73,1010.0,,METAR VOPC 100700Z 10009KT 6000 SCT020 35/24 Q1010 NOSIG
VOSM,2026-10-10T07:00:00Z,34.0,17.0,36.4,VRB,2.0,,3.73,1011.0,,METAR VOSM 100700Z VRB02KT 6000 SCT020 34/17 Q1011 NOSIG
VOTK,2026-10-10T07:00:00Z,33.0,23.0,55.8,350,10.0,,3.11,1010.0,HZ,METAR VOTK 100700Z 35010KT 5000 HZ SCT018 FEW025CB SCT100 33/23 Q1010 NOSIG
VOTR,2026-10-10T07:00:00Z,35.0,25.0,56.3,30,5.0,,3.73,1010.0,,METAR VOTR 100700Z 03005KT 6000 FEW020 SCT025 35/25 Q1010 NOSIG
VOCB,2026-10-10T07:30:00Z,33.0,20.0,46.4,90,8.0,,3.73,1012.0,,METAR VOCB 100730Z 09008KT 6000 FEW015 SCT080 33/20 Q1012 NOSIG
VOMD,2026-10-10T07:30:00Z,34.0,23.0,52.8,60,7.0,,3.73,1010.0,,METAR VOMD 100730Z 06007KT 6000 SCT020 SCT100 34/23 Q1010 NOSIG
VOMM,2026-10-10T07:30:00Z,34.0,26.0,63.1,90,10.0,,2.49,1009.0,HZ,METAR VOMM 100730Z 09010KT 4000 HZ SCT020 BKN100 34/26 Q1009 BECMG 5000 HZ
VOPC,2026-10-10T07:30:00Z,35.0,24.0,53.0,90,8.0,,3.73,1010.0,,METAR VOPC 100730Z 09008KT 6000 SCT020 35/24 Q1010 NOSIG
VOSM,2026-10-10T07:30:00Z,34.0,17.0,36.4,120,3.0,,3.73,1010.0,,METAR VOSM 100730Z 12003KT 6000 SCT020 34/17 Q1010 NOSIG
VOTK,2026-10-10T07:30:00Z,33.0,24.0,59.3,350,8.0,,3.11,1010.0,HZ,METAR VOTK 100730Z 35008KT 5000 HZ SCT018 FEW025CB SCT100 33/24 Q1010 TEMPO 3000 TSRA
VOTR,2026-10-10T07:30:00Z,35.0,26.0,59.7,80,9.0,,3.73,1009.0,,METAR VOTR 100730Z 08009KT 6000 FEW020 FEW025TCU BKN100 35/26 Q1009 NOSIG
VOCB,2026-10-10T08:00:00Z,33.0,20.0,46.4,50,6.0,,3.73,1012.0,,METAR VOCB 100800Z 05006KT 6000 FEW015 FEW020TCU 33/20 Q1012 NOSIG
VOMD,2026-10-10T08:00:00Z,35.0,22.0,47.0,20,6.0,,3.73,1009.0,,METAR VOMD 100800Z 02006KT 6000 SCT020 SCT100 35/22 Q1009 NOSIG
VOMM,2026-10-10T08:00:00Z,35.0,25.0,56.3,80,10.0,,3.11,1009.0,HZ,METAR VOMM 100800Z 08010KT 5000 HZ FEW020 SCT100 35/25 Q1009 NOSIG
VOPC,2026-10-10T08:00:00Z,35.0,24.0,53.0,80,10.0,,3.73,1009.0,,METAR VOPC 100800Z 08010KT 6000 SCT020 35/24 Q1009 NOSIG
VOSM,2026-10-10T08:00:00Z,35.0,17.0,34.4,10,4.0,,4.35,1010.0,,METAR VOSM 100800Z 01004KT 7000 SCT020 35/17 Q1010 NOSIG
VOTK,2026-10-10T08:00:00Z,33.0,23.0,55.8,50,8.0,,3.11,1009.0,HZ,METAR VOTK 100800Z 05008KT 5000 HZ SCT018 FEW025CB SCT100 33/23 Q1009 NOSIG
VOTR,2026-10-10T08:00:00Z,35.0,25.0,56.3,80,8.0,,3.73,1009.0,,METAR VOTR 100800Z 08008KT 6000 FEW020 FEW025TCU BKN100 35/25 Q1009 NOSIG
VOCB,2026-10-10T08:30:00Z,33.0,19.0,43.6,50,8.0,,3.73,1012.0,,METAR VOCB 100830Z 05008KT 6000 FEW015 FEW020TCU 33/19 Q1012 NOSIG
VOMD,2026-10-10T08:30:00Z,35.0,22.0,47.0,10,9.0,,3.73,1008.0,,METAR VOMD 100830Z 01009KT 6000 SCT020 FEW025TCU SCT100 35/22 Q1008 NOSIG
VOMM,2026-10-10T08:30:00Z,34.0,25.0,59.5,100,11.0,,3.11,1009.0,HZ,METAR VOMM 100830Z 10011KT 5000 HZ FEW020 SCT100 34/25 Q1009 NOSIG
VOPC,2026-10-10T08:30:00Z,35.0,24.0,53.0,90,9.0,,3.73,1009.0,,METAR VOPC 100830Z 09009KT 6000 SCT020 FEW025TCU 35/24 Q1009 NOSIG
VOSM,2026-10-10T08:30:00Z,34.0,15.0,32.0,330,4.0,,4.35,1009.0,,METAR VOSM 100830Z 33004KT 7000 SCT020 34/15 Q1009 NOSIG
VOTK,2026-10-10T08:30:00Z,33.0,23.0,55.8,60,6.0,,3.11,1009.0,HZ,METAR VOTK 100830Z 06006KT 5000 HZ SCT018 FEW025CB SCT100 33/23 Q1009 NOSIG
VOTR,2026-10-10T08:30:00Z,36.0,26.0,56.5,90,2.0,,3.73,1008.0,,METAR VOTR 100830Z 09002KT 6000 FEW020 FEW025TCU BKN100 36/26 Q1008 NOSIG
VOCB,2026-10-10T09:00:00Z,33.0,19.0,43.6,110,5.0,,3.73,1011.0,,METAR VOCB 100900Z 11005KT 6000 SCT012 FEW020CB 33/19 Q1011 NOSIG
VOMD,2026-10-10T09:00:00Z,35.0,22.0,47.0,20,6.0,,3.73,1008.0,,METAR VOMD 100900Z 02006KT 6000 SCT020 FEW025TCU SCT100 35/22 Q1008 NOSIG
VOMM,2026-10-10T09:00:00Z,34.0,25.0,59.5,100,10.0,,3.73,1008.0,,METAR VOMM 100900Z 10010KT 6000 FEW020 SCT100 34/25 Q1008 NOSIG
VOPC,2026-10-10T09:00:00Z,33.0,24.0,59.3,80,9.0,,3.73,1009.0,,METAR VOPC 100900Z 08009KT 6000 SCT020 FEW025TCU SCT100 33/24 Q1009 NOSIG
VOSM,2026-10-10T09:00:00Z,35.0,15.0,30.3,340,4.0,,4.35,1009.0,,METAR VOSM 100900Z 34004KT 7000 SCT020 35/15 Q1009 NOSIG
VOTK,2026-10-10T09:00:00Z,33.0,23.0,55.8,60,6.0,,3.11,1009.0,HZ,METAR VOTK 100900Z 06006KT 5000 HZ SCT018 FEW025TCU SCT100 33/23 Q1009 NOSIG
VOTR,2026-10-10T09:00:00Z,36.0,26.0,56.5,90,6.0,,3.73,1008.0,,METAR VOTR 100900Z 09006KT 6000 FEW020 SCT025 FEW030TCU BKN100 36/26 Q1008 NOSIG
VOCB,2026-10-10T09:30:00Z,34.0,17.0,36.4,80,8.0,,3.73,1010.0,,METAR VOCB 100930Z 08008KT 6000 SCT012 FEW020CB SCT080 34/17 Q1010 NOSIG
VOMD,2026-10-10T09:30:00Z,36.0,23.0,47.2,40,9.0,,3.73,1008.0,,METAR VOMD 100930Z 04009KT 6000 SCT020 FEW025TCU SCT100 36/23 Q1008 NOSIG
VOMM,2026-10-10T09:30:00Z,34.0,25.0,59.5,100,10.0,,3.73,1008.0,,METAR VOMM 100930Z 10010KT 6000 FEW020 SCT100 34/25 Q1008 NOSIG
VOSM,2026-10-10T09:30:00Z,34.0,15.0,32.0,110,5.0,,4.35,1009.0,,METAR VOSM 100930Z 11005KT 7000 SCT020 34/15 Q1009 NOSIG
VOTK,2026-10-10T09:30:00Z,34.0,23.0,52.8,70,5.0,,3.11,1009.0,HZ,METAR VOTK 100930Z 07005KT 5000 HZ SCT018 FEW025TCU SCT100 34/23 Q1009 NOSIG
VOTR,2026-10-10T09:30:00Z,34.0,25.0,59.5,60,11.0,,3.73,1007.0,,METAR VOTR 100930Z 06011KT 6000 FEW020 SCT025 FEW030CB BKN100 34/25 Q1007 NOSIG
VOCB,2026-10-10T10:00:00Z,32.0,21.0,52.3,350,10.0,,3.73,1010.0,,METAR VOCB 101000Z 35010KT 6000 FEW012 FEW020CB SCT080 32/21 Q1010 NOSIG
VOMD,2026-10-10T10:00:00Z,36.0,22.0,44.4,70,6.0,,3.73,1007.0,,METAR VOMD 101000Z 07006KT 6000 SCT020 FEW025TCU SCT100 36/22 Q1007 NOSIG
VOMM,2026-10-10T10:00:00Z,33.0,25.0,62.9,110,8.0,,3.73,1008.0,,METAR VOMM 101000Z 11008KT 6000 FEW020 SCT100 33/25 Q1008 NOSIG
VOPC,2026-10-10T10:00:00Z,32.0,25.0,66.6,80,8.0,,3.73,1008.0,,METAR VOPC 101000Z 08008KT 6000 SCT020 SCT100 32/25 Q1008 NOSIG
VOSM,2026-10-10T10:00:00Z,35.0,15.0,30.3,120,4.0,,4.35,1009.0,,METAR VOSM 101000Z 12004KT 7000 SCT020 35/15 Q1009 NOSIG
VOTK,2026-10-10T10:00:00Z,34.0,23.0,52.8,70,5.0,,3.11,1008.0,HZ,METAR VOTK 101000Z 07005KT 5000 HZ SCT018 FEW025TCU SCT100 34/23 Q1008 NOSIG
VOTR,2026-10-10T10:00:00Z,34.0,25.0,59.5,80,11.0,,3.73,1007.0,,METAR VOTR 101000Z 08011KT 6000 FEW020 SCT025 FEW030CB BKN100 34/25 Q1007 NOSIG
VOCB,2026-10-10T10:30:00Z,31.0,20.0,52.0,350,8.0,,3.73,1010.0,,METAR VOCB 101030Z 35008KT 6000 FEW012 BKN080 31/20 Q1010 NOSIG
VOMD,2026-10-10T10:30:00Z,34.0,23.0,52.8,130,6.0,,3.73,1008.0,,METAR VOMD 101030Z 13006KT 6000 SCT020 FEW025CB SCT100 34/23 Q1008 NOSIG
VOMM,2026-10-10T10:30:00Z,32.0,25.0,66.6,90,12.0,,3.73,1008.0,,METAR VOMM 101030Z 09012KT 6000 FEW020 SCT100 32/25 Q1008 NOSIG
VOPC,2026-10-10T10:30:00Z,33.0,24.0,59.3,70,7.0,,3.73,1008.0,,METAR VOPC 101030Z 07007KT 6000 FEW020 SCT100 33/24 Q1008 NOSIG
VOSM,2026-10-10T10:30:00Z,35.0,15.0,30.3,340,4.0,,4.35,1008.0,,METAR VOSM 101030Z 34004KT 7000 SCT020 35/15 Q1008 NOSIG
VOTK,2026-10-10T10:30:00Z,33.0,23.0,55.8,80,5.0,,3.11,1008.0,HZ,METAR VOTK 101030Z 08005KT 5000 HZ SCT018 SCT100 33/23 Q1008 NOSIG
VOTR,2026-10-10T10:30:00Z,34.0,25.0,59.5,70,11.0,,3.73,1007.0,,METAR VOTR 101030Z 07011KT 6000 FEW020 SCT025 FEW030CB BKN100 34/25 Q1007 NOSIG
VOCB,2026-10-10T11:00:00Z,32.0,20.0,49.1,330,6.0,,3.73,1011.0,,METAR VOCB 101100Z 33006KT 6000 SCT012 FEW020TCU BKN080 32/20 Q1011 NOSIG
VOMD,2026-10-10T11:00:00Z,32.0,24.0,62.7,130,9.0,,3.73,1008.0,,METAR VOMD 101100Z 13009KT 6000 SCT020 FEW025CB SCT100 32/24 Q1008 NOSIG
VOMM,2026-10-10T11:00:00Z,32.0,25.0,66.6,80,10.0,,3.73,1008.0,,METAR VOMM 101100Z 08010KT 6000 FEW020 SCT100 32/25 Q1008 NOSIG
VOPC,2026-10-10T11:00:00Z,33.0,24.0,59.3,70,8.0,,3.73,1008.0,,METAR VOPC 101100Z 07008KT 6000 FEW020 SCT100 33/24 Q1008 NOSIG
VOSM,2026-10-10T11:00:00Z,34.0,14.0,30.0,20,7.0,,4.35,1008.0,,METAR VOSM 101100Z 02007KT 7000 SCT020 34/14 Q1008 NOSIG
VOTK,2026-10-10T11:00:00Z,33.0,24.0,59.3,70,6.0,,3.11,1008.0,HZ,METAR VOTK 101100Z 07006KT 5000 HZ SCT018 SCT100 33/24 Q1008 NOSIG
VOTR,2026-10-10T11:00:00Z,34.0,25.0,59.5,60,10.0,,3.73,1008.0,,METAR VOTR 101100Z 06010KT 6000 FEW020 SCT025 BKN100 34/25 Q1008 NOSIG
VOCB,2026-10-10T11:30:00Z,31.0,20.0,52.0,10,6.0,,3.73,1011.0,TS,METAR VOCB 101130Z 01006KT 6000 TS SCT012 FEW020CB BKN080 31/20 Q1011 NOSIG
VOMD,2026-10-10T11:30:00Z,32.0,23.0,59.0,140,7.0,,3.73,1008.0,,METAR VOMD 101130Z 14007KT 6000 SCT020 FEW025CB SCT100 32/23 Q1008 TEMPO 5000 VCSH
VOMM,2026-10-10T11:30:00Z,32.0,26.0,70.7,90,12.0,,3.73,1009.0,,METAR VOMM 101130Z 09012KT 6000 FEW020 SCT100 32/26 Q1009 NOSIG
VOPC,2026-10-10T11:30:00Z,32.0,25.0,66.6,70,9.0,,3.73,1009.0,,METAR VOPC 101130Z 07009KT 6000 FEW020 SCT100 32/25 Q1009 NOSIG
VOSM,2026-10-10T11:30:00Z,34.0,14.0,30.0,30,7.0,,4.35,1009.0,,METAR VOSM 101130Z 03007KT 7000 SCT020 34/14 Q1009 NOSIG
VOTK,2026-10-10T11:30:00Z,32.0,24.0,62.7,60,3.0,,3.11,1009.0,HZ,METAR VOTK 101130Z 06003KT 5000 HZ SCT018 SCT100 32/24 Q1009 NOSIG
VOTR,2026-10-10T11:30:00Z,34.0,25.0,59.5,60,10.0,,3.73,1008.0,,METAR VOTR 101130Z 06010KT 6000 FEW020 SCT025 BKN100 34/25 Q1008 NOSIG
VOCB,2026-10-10T12:00:00Z,31.0,20.0,52.0,350,5.0,,3.73,1011.0,TS,METAR VOCB 101200Z 35005KT 6000 TS FEW012 FEW020CB BKN080 31/20 Q1011 BECMG 5000 HZ
VOMD,2026-10-10T12:00:00Z,29.0,22.0,66.0,90,18.0,,3.11,1009.0,VCSH,METAR VOMD 101200Z 09018KT 5000 VCSH SCT018 FEW025CB SCT100 29/22 Q1009 TEMPO 3000 TSRA
VOMM,2026-10-10T12:00:00Z,31.0,26.0,74.8,70,10.0,,3.73,1009.0,,METAR VOMM 101200Z 07010KT 6000 FEW020 SCT100 31/26 Q1009 NOSIG
VOPC,2026-10-10T12:00:00Z,31.0,25.0,70.5,60,7.0,,3.73,1009.0,,METAR VOPC 101200Z 06007KT 6000 FEW020 SCT100 31/25 Q1009 BECMG 5000 BR
VOSM,2026-10-10T12:00:00Z,33.0,14.0,31.8,20,6.0,,4.35,1009.0,,METAR VOSM 101200Z 02006KT 7000 SCT020 33/14 Q1009 NOSIG
VOTK,2026-10-10T12:00:00Z,32.0,24.0,62.7,70,3.0,,3.11,1009.0,HZ,METAR VOTK 101200Z 07003KT 5000 HZ SCT018 SCT100 32/24 Q1009 NOSIG
VOTR,2026-10-10T12:00:00Z,33.0,24.0,59.3,70,8.0,,3.73,1008.0,,METAR VOTR 101200Z 07008KT 6000 FEW020 SCT100 33/24 Q1008 NOSIG
VOCB,2026-10-10T12:30:00Z,31.0,20.0,52.0,10,5.0,,2.49,1011.0,HZ,METAR VOCB 101230Z 01005KT 4000 HZ FEW012 BKN080 31/20 Q1011 NOSIG
VOMD,2026-10-10T12:30:00Z,28.0,22.0,69.9,80,10.0,,3.11,1009.0,-DZ,METAR VOMD 101230Z 08010KT 5000 -DZ SCT018 FEW025CB BKN100 28/22 Q1009 NOSIG
VOMM,2026-10-10T12:30:00Z,31.0,26.0,74.8,60,9.0,,3.73,1009.0,,METAR VOMM 101230Z 06009KT 6000 FEW020 SCT100 31/26 Q1009 TEMPO 5000 HZ
VOTK,2026-10-10T12:30:00Z,32.0,24.0,62.7,100,2.0,,3.11,1009.0,HZ,METAR VOTK 101230Z 10002KT 5000 HZ SCT018 SCT100 32/24 Q1009 NOSIG
VOTR,2026-10-10T12:30:00Z,32.0,24.0,62.7,80,6.0,,3.73,1009.0,,METAR VOTR 101230Z 08006KT 6000 FEW020 SCT100 32/24 Q1009 NOSIG
VOCB,2026-10-10T13:00:00Z,31.0,21.0,55.3,330,4.0,,2.49,1012.0,HZ,METAR VOCB 101300Z 33004KT 4000 HZ FEW012 BKN080 31/21 Q1012 NOSIG
VOMD,2026-10-10T13:00:00Z,28.0,22.0,69.9,80,9.0,,3.11,1009.0,HZ,METAR VOMD 101300Z 08009KT 5000 HZ SCT018 FEW025CB BKN100 28/22 Q1009 NOSIG
VOMM,2026-10-10T13:00:00Z,31.0,26.0,74.8,60,9.0,,3.11,1009.0,BR,METAR VOMM 101300Z 06009KT 5000 BR FEW020 31/26 Q1009 NOSIG
VOTK,2026-10-10T13:00:00Z,31.0,24.0,66.4,150,4.0,,3.11,1009.0,HZ,METAR VOTK 101300Z 15004KT 5000 HZ SCT018 FEW025CB SCT100 31/24 Q1009 NOSIG
VOTR,2026-10-10T13:00:00Z,32.0,25.0,66.6,80,8.0,,3.73,1009.0,,METAR VOTR 101300Z 08008KT 6000 FEW020 SCT100 32/25 Q1009 NOSIG
VOCB,2026-10-10T13:30:00Z,30.0,20.0,55.1,350,4.0,,2.49,1012.0,HZ,METAR VOCB 101330Z 35004KT 4000 HZ FEW012 BKN080 30/20 Q1012 NOSIG
VOMD,2026-10-10T13:30:00Z,27.0,21.0,69.7,120,6.0,,3.11,1010.0,HZ,METAR VOMD 101330Z 12006KT 5000 HZ SCT018 FEW025CB BKN100 27/21 Q1010 NOSIG
VOMM,2026-10-10T13:30:00Z,30.0,26.0,79.2,70,9.0,,3.11,1010.0,BR,METAR VOMM 101330Z 07009KT 5000 BR FEW020 30/26 Q1010 NOSIG
VOTK,2026-10-10T13:30:00Z,31.0,24.0,66.4,150,3.0,,3.11,1010.0,HZ,METAR VOTK 101330Z COR 15003KT 5000 HZ SCT018 FEW025CB SCT100 31/24 Q1010 NOSIG
VOTR,2026-10-10T13:30:00Z,31.0,25.0,70.5,90,6.0,,3.73,1009.0,,METAR VOTR 101330Z 09006KT 6000 FEW020 SCT100 31/25 Q1009 NOSIG
VOCB,2026-10-10T14:00:00Z,30.0,21.0,58.6,350,4.0,,2.49,1013.0,HZ,METAR VOCB 101400Z 35004KT 4000 HZ FEW012 BKN080 30/21 Q1013 NOSIG
VOMD,2026-10-10T14:00:00Z,27.0,23.0,78.8,120,3.0,,3.11,1011.0,BR,METAR VOMD 101400Z 12003KT 5000 BR SCT018 BKN100 27/23 Q1011 NOSIG
VOMM,2026-10-10T14:00:00Z,30.0,26.0,79.2,70,8.0,,3.11,1010.0,BR,METAR VOMM 101400Z 07008KT 5000 BR FEW020 30/26 Q1010 NOSIG
VOTK,2026-10-10T14:00:00Z,30.0,24.0,70.3,180,3.0,,3.11,1011.0,HZ,METAR VOTK 101400Z 18003KT 5000 HZ SCT018 FEW025CB SCT100 30/24 Q1011 NOSIG
VOTR,2026-10-10T14:00:00Z,31.0,25.0,70.5,100,8.0,,3.73,1010.0,,METAR VOTR 101400Z 10008KT 6000 FEW020 SCT100 31/25 Q1010 NOSIG
VOCB,2026-10-10T14:30:00Z,30.0,21.0,58.6,30,4.0,,2.49,1013.0,HZ,METAR VOCB 101430Z 03004KT 4000 HZ FEW012 BKN080 30/21 Q1013 NOSIG
VOMD,2026-10-10T14:30:00Z,27.0,23.0,78.8,80,2.0,,3.11,1011.0,BR,METAR VOMD 101430Z 08002KT 5000 BR SCT018 BKN100 27/23 Q1011 NOSIG
VOMM,2026-10-10T14:30:00Z,30.0,26.0,79.2,70,6.0,,3.11,1010.0,BR,METAR VOMM 101430Z 07006KT 5000 BR FEW020 30/26 Q1010 NOSIG
VOTK,2026-10-10T14:30:00Z,29.0,25.0,79.1,170,4.0,,3.11,1011.0,HZ,METAR VOTK 101430Z 17004KT 5000 HZ SCT018 FEW025CB SCT100 29/25 Q1011 NOSIG
VOTR,2026-10-10T14:30:00Z,31.0,25.0,70.5,100,6.0,,3.73,1010.0,,METAR VOTR 101430Z 10006KT 6000 FEW020 31/25 Q1010 NOSIG
VOCB,2026-10-10T15:00:00Z,30.0,21.0,58.6,360,4.0,,2.49,1013.0,HZ,METAR VOCB 101500Z 36004KT 4000 HZ FEW012 BKN080 30/21 Q1013 NOSIG
VOMD,2026-10-10T15:00:00Z,27.0,22.0,74.1,120,4.0,,3.11,1012.0,BR,METAR VOMD 101500Z 12004KT 5000 BR SCT020 SCT100 27/22 Q1012 NOSIG
VOMM,2026-10-10T15:00:00Z,30.0,26.0,79.2,90,7.0,,3.11,1011.0,BR,METAR VOMM 101500Z 09007KT 5000 BR FEW020 30/26 Q1011 NOSIG
VOTK,2026-10-10T15:00:00Z,29.0,25.0,79.1,260,3.0,,3.11,1012.0,HZ,METAR VOTK 101500Z 26003KT 5000 HZ SCT018 FEW025CB SCT100 29/25 Q1012 NOSIG
VOTR,2026-10-10T15:00:00Z,30.0,25.0,74.6,90,5.0,,3.73,1011.0,,METAR VOTR 101500Z 09005KT 6000 FEW020 30/25 Q1011 BECMG 5000 BR
VOCB,2026-10-10T15:30:00Z,29.0,21.0,62.1,VRB,3.0,,2.49,1014.0,HZ,METAR VOCB 101530Z VRB03KT 4000 HZ FEW012 BKN080 29/21 Q1014 NOSIG
VOMD,2026-10-10T15:30:00Z,27.0,23.0,78.8,110,3.0,,3.11,1012.0,BR,METAR VOMD 101530Z 11003KT 5000 BR SCT020 SCT100 27/23 Q1012 NOSIG
VOMM,2026-10-10T15:30:00Z,30.0,26.0,79.2,70,6.0,,3.11,1011.0,BR,METAR VOMM 101530Z 07006KT 5000 BR FEW020 30/26 Q1011 NOSIG
VOTR,2026-10-10T15:30:00Z,30.0,25.0,74.6,90,4.0,,3.11,1011.0,BR,METAR VOTR 101530Z 09004KT 5000 BR FEW020 30/25 Q1011 NOSIG
VOCB,2026-10-10T16:00:00Z,29.0,23.0,70.1,VRB,3.0,,2.49,1014.0,HZ,METAR VOCB 101600Z VRB03KT 4000 HZ FEW012 BKN080 29/23 Q1014 NOSIG
VOMD,2026-10-10T16:00:00Z,27.0,23.0,78.8,0,0.0,,3.11,1012.0,BR,METAR VOMD 101600Z 00000KT 5000 BR SCT020 SCT100 27/23 Q1012 NOSIG
VOMM,2026-10-10T16:00:00Z,30.0,26.0,79.2,60,6.0,,3.11,1011.0,BR,METAR VOMM 101600Z 06006KT 5000 BR FEW020 30/26 Q1011 NOSIG
VOTR,2026-10-10T16:00:00Z,30.0,26.0,79.2,110,3.0,,3.11,1012.0,BR,METAR VOTR 101600Z 11003KT 5000 BR FEW020 SCT100 30/26 Q1012 NOSIG
VOCB,2026-10-10T16:30:00Z,28.0,23.0,74.3,160,5.0,,2.49,1015.0,HZ,METAR VOCB 101630Z 16005KT 4000 HZ FEW012 BKN080 28/23 Q1015 NOSIG
VOMD,2026-10-10T16:30:00Z,27.0,23.0,78.8,250,4.0,,3.11,1012.0,BR,METAR VOMD 101630Z 25004KT 5000 BR SCT020 SCT100 27/23 Q1012 NOSIG
VOMM,2026-10-10T16:30:00Z,30.0,26.0,79.2,60,6.0,,3.11,1012.0,BR,METAR VOMM 101630Z 06006KT 5000 BR FEW020 30/26 Q1012 NOSIG
VOTR,2026-10-10T16:30:00Z,29.0,25.0,79.1,VRB,2.0,,3.11,1012.0,BR,METAR VOTR 101630Z VRB02KT 5000 BR FEW020 SCT100 29/25 Q1012 NOSIG
VOCB,2026-10-10T17:00:00Z,27.0,23.0,78.8,VRB,3.0,,2.49,1015.0,BR,METAR VOCB 101700Z VRB03KT 4000 BR SCT012 BKN080 27/23 Q1015 NOSIG
VOMD,2026-10-10T17:00:00Z,27.0,23.0,78.8,280,3.0,,3.11,1013.0,BR,METAR VOMD 101700Z 28003KT 5000 BR SCT020 SCT100 27/23 Q1013 NOSIG
VOMM,2026-10-10T17:00:00Z,30.0,26.0,79.2,60,7.0,,3.11,1011.0,BR,METAR VOMM 101700Z 06007KT 5000 BR FEW020 30/26 Q1011 NOSIG
VOTR,2026-10-10T17:00:00Z,29.0,26.0,83.9,VRB,2.0,,3.11,1012.0,BR,METAR VOTR 101700Z VRB02KT 5000 BR FEW020 29/26 Q1012 NOSIG
VOCB,2026-10-10T17:30:00Z,27.0,23.0,78.8,340,5.0,,2.49,1015.0,BR,METAR VOCB 101730Z 34005KT 4000 BR SCT012 BKN080 27/23 Q1015 NOSIG
VOMD,2026-10-10T17:30:00Z,27.0,23.0,78.8,260,4.0,,3.11,1013.0,BR,METAR VOMD 101730Z 26004KT 5000 BR SCT020 SCT100 27/23 Q1013 NOSIG
VOMM,2026-10-10T17:30:00Z,29.0,26.0,83.9,60,5.0,,3.11,1011.0,BR,METAR VOMM 101730Z 06005KT 5000 BR FEW020 29/26 Q1011 NOSIG
VOTR,2026-10-10T17:30:00Z,29.0,26.0,83.9,VRB,2.0,,3.11,1012.0,BR,METAR VOTR 101730Z VRB02KT 5000 BR FEW020 29/26 Q1012 NOSIG
VOCB,2026-10-10T18:00:00Z,26.0,22.0,78.6,320,5.0,,2.49,1015.0,TS,METAR VOCB 101800Z 32005KT 4000 TS SCT012 FEW020CB BKN080 26/22 Q1015 TEMPO 3000 -TSRA
VOMD,2026-10-10T18:00:00Z,27.0,23.0,78.8,280,3.0,,3.11,1012.0,BR,METAR VOMD 101800Z 28003KT 5000 BR SCT020 BKN100 27/23 Q1012 NOSIG
VOMM,2026-10-10T18:00:00Z,29.0,26.0,83.9,80,5.0,,3.11,1011.0,BR,METAR VOMM 101800Z 08005KT 5000 BR FEW020 29/26 Q1011 NOSIG
VOTR,2026-10-10T18:00:00Z,28.0,26.0,88.9,VRB,2.0,,3.11,1012.0,BR,METAR VOTR 101800Z VRB02KT 5000 BR FEW020 SCT100 28/26 Q1012 NOSIG
VOCB,2026-10-10T18:30:00Z,26.0,23.0,83.6,VRB,3.0,,2.49,1014.0,TS,METAR VOCB 101830Z VRB03KT 4000 TS SCT012 FEW020CB BKN080 26/23 Q1014 NOSIG
VOMD,2026-10-10T18:30:00Z,27.0,23.0,78.8,290,4.0,,3.11,1012.0,BR,METAR VOMD 101830Z 29004KT 5000 BR FEW018 BKN100 27/23 Q1012 NOSIG
VOMM,2026-10-10T18:30:00Z,29.0,26.0,83.9,70,4.0,,3.11,1011.0,BR,METAR VOMM 101830Z 07004KT 5000 BR FEW020 29/26 Q1011 NOSIG
VOTR,2026-10-10T18:30:00Z,28.0,25.0,83.8,VRB,2.0,,3.11,1012.0,BR,METAR VOTR 101830Z VRB02KT 5000 BR FEW020 SCT100 28/25 Q1012 NOSIG
VOCB,2026-10-10T19:00:00Z,26.0,22.0,78.6,VRB,3.0,,2.49,1014.0,TS,METAR VOCB 101900Z VRB03KT 4000 TS SCT012 FEW020CB BKN080 26/22 Q1014 NOSIG
VOMD,2026-10-10T19:00:00Z,27.0,24.0,83.7,280,3.0,,3.11,1011.0,BR,METAR VOMD 101900Z 28003KT 5000 BR FEW018 BKN100 27/24 Q1011 NOSIG
VOMM,2026-10-10T19:00:00Z,29.0,26.0,83.9,70,2.0,,3.11,1011.0,BR,METAR VOMM 101900Z 07002KT 5000 BR FEW020 29/26 Q1011 NOSIG
VOTR,2026-10-10T19:00:00Z,28.0,26.0,88.9,20,3.0,,3.11,1011.0,BR,METAR VOTR 101900Z 02003KT 5000 BR FEW020 SCT100 28/26 Q1011 NOSIG
